Workbook

Sheet Version
A1: title | B1: version | C1: author
A2: SNUPia 동아리방 소장자료 일람표 | B2: 2025.06.25 | C2: 김연준, 김승민
A4: Catalog 시트 작성 요령:
A5: 필수 작성 항목
A6: 선택 작성 항목
A7: 자동으로 입력되는 항목

Sheet Catalog
A1: id | B1: title_kor | C1: title_org | D1: composer_org | E1: composer_kor | F1: transcription | G1: era | H1: era_eng | I1: publisher | J1: isbn | K1: description | L1: opus | M1: condition | N1: doner | O1: desc2 | P1: img | Q1: webimg | R1: isInstr
B2: 한글 제목 | C2: 원제 | D2: 작곡가 이름(원어) | E2: 작곡가 이름(한글) | F2: 편곡자, 재편곡자 이름 | G2: 장르 및 시대 | I2: 출판사 | J2: ISBN | K2: 수록 곡 등 설명 | L2: 수록 곡의 작품번호 | M2: 보존 상태(3~1) | N2: 기증자 정보 | O2: 비고 | P2: 이미지 path | Q2: 이미지(웹) url | R2: 교본인지 여부
A3: 1 | B3: Händel Klavier-Werke | D3: George Frideric Handel | E3: =_xlfn.XLOOKUP(D3, Composer!A:A, Composer!B:B, "-") -> 게오르크 프리드리히 헨델 | G3: =_xlfn.XLOOKUP(D3, Composer!A:A, Composer!C:C, "-") -> 바로크 | H3: =_xlfn.XLOOKUP(E3, Composer!B:B, Composer!D:D, "-") -> Baroque | I3: 세광음악출판사 | K3: Suiten (Selections), 3 Leçons, Chaconne con Variazioni, Fantasia, Fuga I | L3: Suites -> HWV 426, 428, 429, 430, 431, 432, 439, 436, 437, 441, 452 Leçons -> 434, 435 Chaconne con Variazioni -> 442 Fantasia -> 490, Fuga -> 605 | M3: 3 | P3: handel1.jpg
A4: 2 | B4: D.Scarlatti Piano-Opere 1 | D4: Domenico Scarlatti | E4: =_xlfn.XLOOKUP(D4, Composer!A:A, Composer!B:B, "-") -> 도메니코 스카를라티 | G4: =_xlfn.XLOOKUP(D4, Composer!A:A, Composer!C:C, "-") -> 바로크 | H4: =_xlfn.XLOOKUP(E4, Composer!B:B, Composer!D:D, "-") -> Baroque | I4: 태림출판사 | K4: 50 Sonate | L4: S.L.2 / S.L.3 / S.L.15 / L.2 / L.3 / L.5 / L.6 / L.10 / L.14 / L.17 / L.20 / L.21 / L.22 (K.198) / L.23 (K.380) / L.25 / L.31 / L.32 / L.33(K.87) / L.34 / L.35 / L.43 / L.48 / L.50 / L.54 / L.58 / L.84 / L.90 / L.93 / L.97 / L.98 / L.103 / L.104 / L.107 / L.108 (K.213) / L.109 / L.111 / L.119 / L.122 / L.127 / L.129 / L.132 / L.139 / L.141 / L.142 / L.148 / L.152 / L.164 / L.171 / L.172 / L.182 | M4: 3 | O4: 소나타 13번에 표시 되어있음
A5: 3 | B5: D.Scarlatti Piano-Opere 2 | D5: Domenico Scarlatti | E5: =_xlfn.XLOOKUP(D5, Composer!A:A, Composer!B:B, "-") -> 도메니코 스카를라티 | G5: =_xlfn.XLOOKUP(D5, Composer!A:A, Composer!C:C, "-") -> 바로크 | H5: =_xlfn.XLOOKUP(E5, Composer!B:B, Composer!D:D, "-") -> Baroque | I5: 태림출판사 | K5: 50 Sonate | L5: L.186 / L.187 / L.188 / L.193 / L.195 / L.203 / L.205 / L.208 / L.209 (K.455) / L.210 / L.215 / L.224 / L.225 / L.231 / L.232 / L.234 / L.241 / L.243 / L.245 / L.249 / L.256 / L.257 / L.258 / L.259 / L.260 / L.263 / L.267 / L.282 / L.286 / L.288 / L.290 / L.293 / L.294 / L.300 / L.301 / L.307 / L.318 / L.324 / L.325 / L.327 / L.331 / L.335 / L.338 / L.340 (K.476) / L.343 / L.344 / L.345 / L.347 / L.348 / L.349 | M5: 3
A6: 4 | B6: J.S.Bach Klavier-Werke 2 | D6: Johann Sebastian Bach | E6: =_xlfn.XLOOKUP(D6, Composer!A:A, Composer!B:B, "-") -> 요한 세바스티안 바흐 | G6: =_xlfn.XLOOKUP(D6, Composer!A:A, Composer!C:C, "-") -> 바로크 | H6: =_xlfn.XLOOKUP(E6, Composer!B:B, Composer!D:D, "-") -> Baroque | I6: 세광음악출판사 | K6: Wohltemperiertes Klavier, 48 Präludein und Fugen | L6: BWV 846–893 | M6: 3 | P6: bach1.jpg
A7: 5 | B7: J.S.Bach Klavier-Werke 3 | D7: Johann Sebastian Bach | E7: =_xlfn.XLOOKUP(D7, Composer!A:A, Composer!B:B, "-") -> 요한 세바스티안 바흐 | G7: =_xlfn.XLOOKUP(D7, Composer!A:A, Composer!C:C, "-") -> 바로크 | H7: =_xlfn.XLOOKUP(E7, Composer!B:B, Composer!D:D, "-") -> Baroque | I7: 세광음악출판사 | K7: Französische Suiten, Englische Suiten | L7: BWV 806-811, 812-817 | M7: 3 | P7: bach2.jpg
A8: 6 | B8: Johann Sebastian Bach Partiten Goldberg-Variationen | D8: Johann Sebastian Bach | E8: =_xlfn.XLOOKUP(D8, Composer!A:A, Composer!B:B, "-") -> 요한 세바스티안 바흐 | G8: =_xlfn.XLOOKUP(D8, Composer!A:A, Composer!C:C, "-") -> 바로크 | H8: =_xlfn.XLOOKUP(E8, Composer!B:B, Composer!D:D, "-") -> Baroque | I8: 동화출판사 | K8: Partiten, Goldberg-Variationen | L8: BWV 825-830, 988 | M8: 3 | P8: bach3.jpg
A9: 7 | B9: Johann Sebastian Bach Das Wohltemperierte Klavier I·II | D9: Johann Sebastian Bach | E9: =_xlfn.XLOOKUP(D9, Composer!A:A, Composer!B:B, "-") -> 요한 세바스티안 바흐 | G9: =_xlfn.XLOOKUP(D9, Composer!A:A, Composer!C:C, "-") -> 바로크 | H9: =_xlfn.XLOOKUP(E9, Composer!B:B, Composer!D:D, "-") -> Baroque | I9: 동화출판사 | K9: Das Wohltemperierte Klavier I, Das Wohltemperierte Klavier II | L9: BWV 846-869, 870~893 | M9: 3 | P9: bach4.jpg
A10: 8 | B10: J.S.Bach Das Wohletemperierte Klavier Teil I | D10: Johann Sebastian Bach | E10: =_xlfn.XLOOKUP(D10, Composer!A:A, Composer!B:B, "-") -> 요한 세바스티안 바흐 | G10: =_xlfn.XLOOKUP(D10, Composer!A:A, Composer!C:C, "-") -> 바로크 | H10: =_xlfn.XLOOKUP(E10, Composer!B:B, Composer!D:D, "-") -> Baroque | I10: G. Henle Verlag | K10: Das Wohltemperierte Klavier I | L10: BWV 846-869 | M10: 2 | N10: 문상혁 | O10: 표지 찢겨져 있음 | Q10: https://contents.kyobobook.co.kr/sih/fit-in/458x0/pdt/9790201810140.jpg
A11: 9 | B11: J.S.Bach Klavier-Werke 4 | D11: Johann Sebastian Bach | E11: =_xlfn.XLOOKUP(D11, Composer!A:A, Composer!B:B, "-") -> 요한 세바스티안 바흐 | G11: =_xlfn.XLOOKUP(D11, Composer!A:A, Composer!C:C, "-") -> 바로크 | H11: =_xlfn.XLOOKUP(E11, Composer!B:B, Composer!D:D, "-") -> Baroque | I11: 태림출판사 | K11: 15 Inventionen, 15 Symphonien, Kleine Präludien, Fughetten | L11: BWV 772-786, 787-801 | M11: 3
A12: 10 | B12: J.S.Bach Klavier-Werke 5 | D12: Johann Sebastian Bach | E12: =_xlfn.XLOOKUP(D12, Composer!A:A, Composer!B:B, "-") -> 요한 세바스티안 바흐 | G12: =_xlfn.XLOOKUP(D12, Composer!A:A, Composer!C:C, "-") -> 바로크 | H12: =_xlfn.XLOOKUP(E12, Composer!B:B, Composer!D:D, "-") -> Baroque | I12: 현대악보출판사 | K12: Partiten, Französische Ouvertüre, Italienisches Konzert, Chromatische Phantasie Und Fuge, Capriccio | L12: BWV 924–930, 939–942, 999, 933-938, 961, 952, 953, 899, | M12: 3 | P12: bach5.jpg
A13: 11 | B13: J.S.Bach Klavier-Werke 6 | D13: Johann Sebastian Bach | E13: =_xlfn.XLOOKUP(D13, Composer!A:A, Composer!B:B, "-") -> 요한 세바스티안 바흐 | G13: =_xlfn.XLOOKUP(D13, Composer!A:A, Composer!C:C, "-") -> 바로크 | H13: =_xlfn.XLOOKUP(E13, Composer!B:B, Composer!D:D, "-") -> Baroque | I13: 현대악보출판사 | K13: Toccaten | M13: 3 | P13: bach6.jpg
A14: 12 | B14: Mozart Klavier-Werke 1 | D14: Wolfgang Amadeus Mozart | E14: =_xlfn.XLOOKUP(D14, Composer!A:A, Composer!B:B, "-") -> 볼프강 아마데우스 모차르트 | G14: =_xlfn.XLOOKUP(D14, Composer!A:A, Composer!C:C, "-") -> 고전 | H14: =_xlfn.XLOOKUP(E14, Composer!B:B, Composer!D:D, "-") -> Classical | I14: 태림출판사 | K14: Sonate Nr.1-10 | M14: 2
A15: 13 | B15: 모차르트 소나타전집2 | C15: Mozart Klaviersonaten 2 | D15: Wolfgang Amadeus Mozart | E15: =_xlfn.XLOOKUP(D15, Composer!A:A, Composer!B:B, "-") -> 볼프강 아마데우스 모차르트 | G15: =_xlfn.XLOOKUP(D15, Composer!A:A, Composer!C:C, "-") -> 고전 | H15: =_xlfn.XLOOKUP(E15, Composer!B:B, Composer!D:D, "-") -> Classical | I15: 음악춘추사 | K15: Sonate Nr.11-19, Fantasie Nr.4 | M15: 3 | P15: mozart1.jpg
A16: 14 | B16: Haydn Klavier-Werke | D16: Franz Joseph Haydn | E16: =_xlfn.XLOOKUP(D16, Composer!A:A, Composer!B:B, "-") -> 프란츠 요제프 하이든 | G16: =_xlfn.XLOOKUP(D16, Composer!A:A, Composer!C:C, "-") -> 고전 | H16: =_xlfn.XLOOKUP(E16, Composer!B:B, Composer!D:D, "-") -> Classical | I16: 음악춘추사 | K16: Sonatas, Vol.1 | M16: 2 | P16: haydn4.jpg
A17: 15 | B17: Haydn Klavier-Werke | D17: Franz Joseph Haydn | E17: =_xlfn.XLOOKUP(D17, Composer!A:A, Composer!B:B, "-") -> 프란츠 요제프 하이든 | G17: =_xlfn.XLOOKUP(D17, Composer!A:A, Composer!C:C, "-") -> 고전 | H17: =_xlfn.XLOOKUP(E17, Composer!B:B, Composer!D:D, "-") -> Classical | I17: 음악춘추사 | K17: Sonatas, Vol.2 | M17: 2 | P17: haydn3.jpg
A18: 16 | B18: Haydn Klavier-Werke | D18: Franz Joseph Haydn | E18: =_xlfn.XLOOKUP(D18, Composer!A:A, Composer!B:B, "-") -> 프란츠 요제프 하이든 | G18: =_xlfn.XLOOKUP(D18, Composer!A:A, Composer!C:C, "-") -> 고전 | H18: =_xlfn.XLOOKUP(E18, Composer!B:B, Composer!D:D, "-") -> Classical | I18: 음악춘추사 | K18: Sonatas, Vol.3 | M18: 2 | P18: haydn2.jpg
A19: 17 | B19: Haydn Klavier-Werke | D19: Franz Joseph Haydn | E19: =_xlfn.XLOOKUP(D19, Composer!A:A, Composer!B:B, "-") -> 프란츠 요제프 하이든 | G19: =_xlfn.XLOOKUP(D19, Composer!A:A, Composer!C:C, "-") -> 고전 | H19: =_xlfn.XLOOKUP(E19, Composer!B:B, Composer!D:D, "-") -> Classical | I19: 세광음악출판사 | K19: Sonaten, Tema con Variazioni, Andante con Variazioni, Fantasia, Capriccio | M19: 3 | P19: haydn1.jpg
A20: 18 | B20: Haydn Complete Piano Sonatas | C20: Haydn Sämtliche Klaviersonaten Band III | D20: Franz Joseph Haydn | E20: =_xlfn.XLOOKUP(D20, Composer!A:A, Composer!B:B, "-") -> 프란츠 요제프 하이든 | G20: =_xlfn.XLOOKUP(D20, Composer!A:A, Composer!C:C, "-") -> 고전 | H20: =_xlfn.XLOOKUP(E20, Composer!B:B, Composer!D:D, "-") -> Classical | I20: G. Henle Verlag | K20: Volume III | M20: 2 | N20: 문상혁 | Q20: https://m.media-amazon.com/images/I/5101QsDC8PL._AC_UF1000,1000_QL80_.jpg
A21: 19 | B21: Haydn Piano Variations | C21: Haydn Variationen für Klavier | D21: Franz Joseph Haydn | E21: =_xlfn.XLOOKUP(D21, Composer!A:A, Composer!B:B, "-") -> 프란츠 요제프 하이든 | G21: =_xlfn.XLOOKUP(D21, Composer!A:A, Composer!C:C, "-") -> 고전 | H21: =_xlfn.XLOOKUP(E21, Composer!B:B, Composer!D:D, "-") -> Classical | I21: G. Henle Verlag | K21: Piano Variations | M21: 2 | N21: 문상혁
A22: 20 | B22: Haydn 2 | D22: Franz Joseph Haydn | E22: =_xlfn.XLOOKUP(D22, Composer!A:A, Composer!B:B, "-") -> 프란츠 요제프 하이든 | G22: =_xlfn.XLOOKUP(D22, Composer!A:A, Composer!C:C, "-") -> 고전 | H22: =_xlfn.XLOOKUP(E22, Composer!B:B, Composer!D:D, "-") -> Classical | I22: 세광음악출판사 | K22: Sonaten 2 | M22: 3 | P22: haydn5.jpg
A23: 21 | B23: Mozart Piano Sonantas | C23: Mozart Klaviersonaten Band 2 | D23: Wolfgang Amadeus Mozart | E23: =_xlfn.XLOOKUP(D23, Composer!A:A, Composer!B:B, "-") -> 볼프강 아마데우스 모차르트 | G23: =_xlfn.XLOOKUP(D23, Composer!A:A, Composer!C:C, "-") -> 고전 | H23: =_xlfn.XLOOKUP(E23, Composer!B:B, Composer!D:D, "-") -> Classical | I23: G. Henle Verlag | K23: (스프링 제본) Volume II | M23: 3 | N23: 문상혁
A24: 22 | B24: Beethoven Variationene für Klavier | D24: Ludwig van Beethoven | E24: =_xlfn.XLOOKUP(D24, Composer!A:A, Composer!B:B, "-") -> 루트비히 판 베토벤 | G24: =_xlfn.XLOOKUP(D24, Composer!A:A, Composer!C:C, "-") -> 고전 | H24: =_xlfn.XLOOKUP(E24, Composer!B:B, Composer!D:D, "-") -> Classical | I24: G. Henle Verlag | K24: Band II | M24: 2 | N24: 문상혁
A25: 23 | B25: Beethoven Piano Concerto no. 4 in G major | C25: Klavierkonzert Nr.4 G-dur Opus 58 Klavierauszug | D25: Ludwig van Beethoven | E25: =_xlfn.XLOOKUP(D25, Composer!A:A, Composer!B:B, "-") -> 루트비히 판 베토벤 | G25: =_xlfn.XLOOKUP(D25, Composer!A:A, Composer!C:C, "-") -> 고전 | H25: =_xlfn.XLOOKUP(E25, Composer!B:B, Composer!D:D, "-") -> Classical | I25: G. Henle Verlag | K25: op.58, Piano Reduction | M25: 3 | N25: 문상혁
A26: 24 | B26: Beethoven Klavier-Werke 4 | D26: Ludwig van Beethoven | E26: =_xlfn.XLOOKUP(D26, Composer!A:A, Composer!B:B, "-") -> 루트비히 판 베토벤 | G26: =_xlfn.XLOOKUP(D26, Composer!A:A, Composer!C:C, "-") -> 고전 | H26: =_xlfn.XLOOKUP(E26, Composer!B:B, Composer!D:D, "-") -> Classical | I26: 현대음악출판사 | K26: Variationen | M26: 3
A27: 25 | B27: Beethoven Klavier-Werke 5 | D27: Ludwig van Beethoven | E27: =_xlfn.XLOOKUP(D27, Composer!A:A, Composer!B:B, "-") -> 루트비히 판 베토벤 | G27: =_xlfn.XLOOKUP(D27, Composer!A:A, Composer!C:C, "-") -> 고전 | H27: =_xlfn.XLOOKUP(E27, Composer!B:B, Composer!D:D, "-") -> Classical | I27: 태림출판사 | K27: Sieben Bagetelen Op.33 외 | M27: 3
A28: 26 | B28: 베토벤 소나타전집 1 | C28: Beethoven Klaviersonaten 1 | D28: Ludwig van Beethoven | E28: =_xlfn.XLOOKUP(D28, Composer!A:A, Composer!B:B, "-") -> 루트비히 판 베토벤 | G28: =_xlfn.XLOOKUP(D28, Composer!A:A, Composer!C:C, "-") -> 고전 | H28: =_xlfn.XLOOKUP(E28, Composer!B:B, Composer!D:D, "-") -> Classical | I28: 음악춘추사 | K28: Band 1. Sonaten Nr. 1-4 | M28: 3 | P28: beethoven2.jpg
A29: 27 | B29: 베토벤 소나타전집 2 | C29: Beethoven Klaviersonaten 2 | D29: Ludwig van Beethoven | E29: =_xlfn.XLOOKUP(D29, Composer!A:A, Composer!B:B, "-") -> 루트비히 판 베토벤 | G29: =_xlfn.XLOOKUP(D29, Composer!A:A, Composer!C:C, "-") -> 고전 | H29: =_xlfn.XLOOKUP(E29, Composer!B:B, Composer!D:D, "-") -> Classical | I29: 음악춘추사 | K29: Band 2. Sonaten Nr. 5-10 | M29: 3 | P29: beethoven3.jpg
A30: 28 | B30: 베토벤 소나타전집 3 | C30: Beethoven Klaviersonaten 3 | D30: Ludwig van Beethoven | E30: =_xlfn.XLOOKUP(D30, Composer!A:A, Composer!B:B, "-") -> 루트비히 판 베토벤 | G30: =_xlfn.XLOOKUP(D30, Composer!A:A, Composer!C:C, "-") -> 고전 | H30: =_xlfn.XLOOKUP(E30, Composer!B:B, Composer!D:D, "-") -> Classical | I30: 음악춘추사 | K30: Band 3. Sonaten Nr. 11-15 | M30: 3 | P30: beethoven4.jpg
A31: 29 | B31: 베토벤 소나타전집 4 | C31: Beethoven Klaviersonaten 4 | D31: Ludwig van Beethoven | E31: =_xlfn.XLOOKUP(D31, Composer!A:A, Composer!B:B, "-") -> 루트비히 판 베토벤 | G31: =_xlfn.XLOOKUP(D31, Composer!A:A, Composer!C:C, "-") -> 고전 | H31: =_xlfn.XLOOKUP(E31, Composer!B:B, Composer!D:D, "-") -> Classical | I31: 음악춘추사 | K31: Band 4. Sonaten Nr. 16-20 | M31: 3 | P31: beethoven5.jpg
A32: 30 | B32: 베토벤 소나타전집 5 | C32: Beethoven Klaviersonaten 5 | D32: Ludwig van Beethoven | E32: =_xlfn.XLOOKUP(D32, Composer!A:A, Composer!B:B, "-") -> 루트비히 판 베토벤 | G32: =_xlfn.XLOOKUP(D32, Composer!A:A, Composer!C:C, "-") -> 고전 | H32: =_xlfn.XLOOKUP(E32, Composer!B:B, Composer!D:D, "-") -> Classical | I32: 음악춘추사 | K32: Band 5. Sonaten Nr. 21-27 | M32: 3 | P32: beethoven6.jpg
A33: 31 | B33: 베토벤 소나타전집 6 | C33: Beethoven Klaviersonaten 6 | D33: Ludwig van Beethoven | E33: =_xlfn.XLOOKUP(D33, Composer!A:A, Composer!B:B, "-") -> 루트비히 판 베토벤 | G33: =_xlfn.XLOOKUP(D33, Composer!A:A, Composer!C:C, "-") -> 고전 | H33: =_xlfn.XLOOKUP(E33, Composer!B:B, Composer!D:D, "-") -> Classical | I33: 음악춘추사 | K33: Band 6. Sonaten Nr. 28-32 | M33: 3 | P33: beethoven7.jpg
A34: 32 | B34: 클레멘티 소나타집 2 | C34: Clementi Sonaten 2 | D34: Muzio Clementi | E34: =_xlfn.XLOOKUP(D34, Composer!A:A, Composer!B:B, "-") -> 무치오 클레멘티 | G34: =_xlfn.XLOOKUP(D34, Composer!A:A, Composer!C:C, "-") -> 고전 | H34: =_xlfn.XLOOKUP(E34, Composer!B:B, Composer!D:D, "-") -> Classical | I34: 음악춘추사 | K34: Band 4. Sonate 19-24 | M34: 1 | P34: clementi1.jpg
A35: 33 | B35: 클레멘티 소나타집 4 | C35: Clementi Sonaten 4 | D35: Muzio Clementi | E35: =_xlfn.XLOOKUP(D35, Composer!A:A, Composer!B:B, "-") -> 무치오 클레멘티 | G35: =_xlfn.XLOOKUP(D35, Composer!A:A, Composer!C:C, "-") -> 고전 | H35: =_xlfn.XLOOKUP(E35, Composer!B:B, Composer!D:D, "-") -> Classical | I35: 음악춘추사 | K35: Band 4. Sonate 8-12 | M35: 2
A36: 34 | B36: 베토벤 작품집 2 | C36: Beethoven Klavierstücke 2 | D36: Ludwig van Beethoven | E36: =_xlfn.XLOOKUP(D36, Composer!A:A, Composer!B:B, "-") -> 루트비히 판 베토벤 | G36: =_xlfn.XLOOKUP(D36, Composer!A:A, Composer!C:C, "-") -> 고전 | H36: =_xlfn.XLOOKUP(E36, Composer!B:B, Composer!D:D, "-") -> Classical | I36: 음악춘추사 | K36: Werke der Bonner Zeit, Zerke der Früheren Wiener Zeit, Werke der Späteren Wiener Jahre | M36: 3 | P36: beethoven1.jpg
A37: 35 | B37: Beethoven Sonata 1 | D37: Ludwig van Beethoven | E37: =_xlfn.XLOOKUP(D37, Composer!A:A, Composer!B:B, "-") -> 루트비히 판 베토벤 | G37: =_xlfn.XLOOKUP(D37, Composer!A:A, Composer!C:C, "-") -> 고전 | H37: =_xlfn.XLOOKUP(E37, Composer!B:B, Composer!D:D, "-") -> Classical | I37: 정보 없음 | K37: (스프링 제본) | M37: 3
A38: 36 | B38: Schubert Klavier-Werke 1 | D38: Franz Peter Schubert | E38: =_xlfn.XLOOKUP(D38, Composer!A:A, Composer!B:B, "-") -> 프란츠 페터 슈베르트 | G38: =_xlfn.XLOOKUP(D38, Composer!A:A, Composer!C:C, "-") -> 낭만 | H38: =_xlfn.XLOOKUP(E38, Composer!B:B, Composer!D:D, "-") -> Romantic | I38: 현대음악출판사 | K38: Sonaten 1 | L38: 1. Op.42 a-moll / 2. Op.53 D-dur / 3. Op.120 A-dur / 4. Op.122 Es-dur / 5. Op.143 a-moll, 6. Op.147 H-dur | M38: 3 | P38: schubert5.jpg
A39: 37 | B39: 슈베르트 소나타집 1 | C39: Schubert Klaviersonaten 1 | D39: Franz Peter Schubert | E39: =_xlfn.XLOOKUP(D39, Composer!A:A, Composer!B:B, "-") -> 프란츠 페터 슈베르트 | G39: =_xlfn.XLOOKUP(D39, Composer!A:A, Composer!C:C, "-") -> 낭만 | H39: =_xlfn.XLOOKUP(E39, Composer!B:B, Composer!D:D, "-") -> Romantic | I39: 음악춘추사 | K39: Band 1. Sonaten Nr. 1-4 | L39: D.537 / D.568 / D.575 / D.664 | M39: 3 | P39: schubert1.jpg
A40: 38 | B40: 슈베르트 소나타집 2 | C40: Schubert Klaviersonaten 2 | D40: Franz Peter Schubert | E40: =_xlfn.XLOOKUP(D40, Composer!A:A, Composer!B:B, "-") -> 프란츠 페터 슈베르트 | G40: =_xlfn.XLOOKUP(D40, Composer!A:A, Composer!C:C, "-") -> 낭만 | H40: =_xlfn.XLOOKUP(E40, Composer!B:B, Composer!D:D, "-") -> Romantic | I40: 음악춘추사 | K40: Band 2. Sonaten Nr. 4-7 | L40: D.664 / D.784 / D.845 / D.850 | M40: 3 | P40: schubert2.jpg
A41: 39 | B41: 슈베르트 소나타집 3 | C41: Schubert Klaviersonaten 3 | D41: Franz Peter Schubert | E41: =_xlfn.XLOOKUP(D41, Composer!A:A, Composer!B:B, "-") -> 프란츠 페터 슈베르트 | G41: =_xlfn.XLOOKUP(D41, Composer!A:A, Composer!C:C, "-") -> 낭만 | H41: =_xlfn.XLOOKUP(E41, Composer!B:B, Composer!D:D, "-") -> Romantic | I41: 음악춘추사 | K41: Band 3. Sonaten Nr. 10-11 | L41: D.894 / D 958 / D.959 / D.960 | M41: 3 | P41: schubert3.jpg
A42: 40 | B42: 슈베르트 소나타집 4 | C42: Schubert Klaviersonaten 4 | D42: Franz Peter Schubert | E42: =_xlfn.XLOOKUP(D42, Composer!A:A, Composer!B:B, "-") -> 프란츠 페터 슈베르트 | G42: =_xlfn.XLOOKUP(D42, Composer!A:A, Composer!C:C, "-") -> 낭만 | H42: =_xlfn.XLOOKUP(E42, Composer!B:B, Composer!D:D, "-") -> Romantic | I42: 음악춘추사 | K42: Band 4. Frühe und Unvollendete Sonaten | M42: 3 | P42: schubert4.jpg
A43: 41 | B43: 쇼팽 전집 파데레프스키 편 1 | C43: Chopin Complete Works (Editor Paderewski) 1: Preludes | D43: Frédéric François Chopin | E43: =_xlfn.XLOOKUP(D43, Composer!A:A, Composer!B:B, "-") -> 프레데리크 프랑수아 쇼팽 | G43: =_xlfn.XLOOKUP(D43, Composer!A:A, Composer!C:C, "-") -> 낭만 | H43: =_xlfn.XLOOKUP(E43, Composer!B:B, Composer!D:D, "-") -> Romantic | I43: 음악춘추사 | K43: 프렐류드 Preludes | M43: 3 | P43: chopin1.jpg
A44: 42 | B44: 쇼팽 전집 파데레프스키 편 2 | C44: Chopin Complete Works (Editor Paderewski) 2: Studies | D44: Frédéric François Chopin | E44: =_xlfn.XLOOKUP(D44, Composer!A:A, Composer!B:B, "-") -> 프레데리크 프랑수아 쇼팽 | G44: =_xlfn.XLOOKUP(D44, Composer!A:A, Composer!C:C, "-") -> 낭만 | H44: =_xlfn.XLOOKUP(E44, Composer!B:B, Composer!D:D, "-") -> Romantic | I44: 음악춘추사 | K44: 에튀드 Etudes | M44: 3 | P44: chopin2.jpg
A45: 43 | B45: 쇼팽 전집 파데레프스키 편 5 | C45: Chopin Complete Works (Editor Paderewski) 5: Scherzos | D45: Frédéric François Chopin | E45: =_xlfn.XLOOKUP(D45, Composer!A:A, Composer!B:B, "-") -> 프레데리크 프랑수아 쇼팽 | G45: =_xlfn.XLOOKUP(D45, Composer!A:A, Composer!C:C, "-") -> 낭만 | H45: =_xlfn.XLOOKUP(E45, Composer!B:B, Composer!D:D, "-") -> Romantic | I45: 음악춘추사 | K45: 스케르초 Scherzos | M45: 2 | P45: chopin3.jpg
A46: 44 | B46: 쇼팽 전집 파데레프스키 편 9 | C46: Chopin Complete Works (Editor Paderewski) 9 Waltzes | D46: Frédéric François Chopin | E46: =_xlfn.XLOOKUP(D46, Composer!A:A, Composer!B:B, "-") -> 프레데리크 프랑수아 쇼팽 | G46: =_xlfn.XLOOKUP(D46, Composer!A:A, Composer!C:C, "-") -> 낭만 | H46: =_xlfn.XLOOKUP(E46, Composer!B:B, Composer!D:D, "-") -> Romantic | I46: 음악춘추사 | K46: 왈츠 Waltzes | M46: 3 | P46: chopin4.jpg
A47: 45 | B47: 쇼팽 전집 파데레프스키 편 10 | C47: Chopin Complete Works (Editor Paderewski) 5: Mazurkas | D47: Frédéric François Chopin | E47: =_xlfn.XLOOKUP(D47, Composer!A:A, Composer!B:B, "-") -> 프레데리크 프랑수아 쇼팽 | G47: =_xlfn.XLOOKUP(D47, Composer!A:A, Composer!C:C, "-") -> 낭만 | H47: =_xlfn.XLOOKUP(E47, Composer!B:B, Composer!D:D, "-") -> Romantic | I47: 음악춘추사 | K47: 마주르카 Mazurkas | M47: 3 | P47: chopin5.jpg
A48: 46 | B48: 쇼팽 전집 파데레프스키 편 11 | C48: Chopin Complete Works (Editor Paderewski) 11: Fantasia, Berceuse, Barcarolle | D48: Frédéric François Chopin | E48: =_xlfn.XLOOKUP(D48, Composer!A:A, Composer!B:B, "-") -> 프레데리크 프랑수아 쇼팽 | G48: =_xlfn.XLOOKUP(D48, Composer!A:A, Composer!C:C, "-") -> 낭만 | H48: =_xlfn.XLOOKUP(E48, Composer!B:B, Composer!D:D, "-") -> Romantic | I48: 음악춘추사 | K48: 환상곡, 뱃노래, 자장가 Fantasia, Berceuse, Barcarolle | M48: 3 | P48: chopin6.jpg
A49: 47 | B49: 쇼팽 전집 파데레프스키 편 14-a | C49: Chopin Complete Works (Editor Paderewski) 14-a Concertos | D49: Frédéric François Chopin | E49: =_xlfn.XLOOKUP(D49, Composer!A:A, Composer!B:B, "-") -> 프레데리크 프랑수아 쇼팽 | G49: =_xlfn.XLOOKUP(D49, Composer!A:A, Composer!C:C, "-") -> 낭만 | H49: =_xlfn.XLOOKUP(E49, Composer!B:B, Composer!D:D, "-") -> Romantic | I49: 음악춘추사 | K49: 콘체르토 Concertos, Piano Arrangement | M49: 3 | P49: chopin7.jpg
A50: 48 | B50: 쇼팽 전집 파데레프스키 편 18 | C50: Chopin Complete Works (Editor Paderewski) 18: Minor Works | D50: Frédéric François Chopin | E50: =_xlfn.XLOOKUP(D50, Composer!A:A, Composer!B:B, "-") -> 프레데리크 프랑수아 쇼팽 | G50: =_xlfn.XLOOKUP(D50, Composer!A:A, Composer!C:C, "-") -> 낭만 | H50: =_xlfn.XLOOKUP(E50, Composer!B:B, Composer!D:D, "-") -> Romantic | I50: 음악춘추사 | K50: 피아노 소품집 Minor works | M50: 3 | P50: chopin8.jpg
A51: 49 | B51: Studies after Frederic Chopin | D51: Frédéric François Chopin | E51: =_xlfn.XLOOKUP(D51, Composer!A:A, Composer!B:B, "-") -> 프레데리크 프랑수아 쇼팽 | G51: =_xlfn.XLOOKUP(D51, Composer!A:A, Composer!C:C, "-") -> 낭만 | H51: =_xlfn.XLOOKUP(E51, Composer!B:B, Composer!D:D, "-") -> Romantic | I51: 정보 없음 | K51: (스프링 제본) 53 pieces by Leopold Godowsky | M51: 3 | P51: chopin9.jpg
A52: 50 | B52: 쇼팽집 1 | C52: Chopin Piano-Œuvres 1 | D52: Frédéric François Chopin | E52: =_xlfn.XLOOKUP(D52, Composer!A:A, Composer!B:B, "-") -> 프레데리크 프랑수아 쇼팽 | G52: =_xlfn.XLOOKUP(D52, Composer!A:A, Composer!C:C, "-") -> 낭만 | H52: =_xlfn.XLOOKUP(E52, Composer!B:B, Composer!D:D, "-") -> Romantic | I52: 태림스코어 | K52: Sonate 2, 3, Ballades 1-4, Impromptus 1~4 | M52: 2 | Q52: https://contents.kyobobook.co.kr/sih/fit-in/200x0/pdt/9791157801732.jpg
A53: 51 | B53: 쇼팽집 2 | C53: Chopin Piano-Œuvres 2 | D53: Frédéric François Chopin | E53: =_xlfn.XLOOKUP(D53, Composer!A:A, Composer!B:B, "-") -> 프레데리크 프랑수아 쇼팽 | G53: =_xlfn.XLOOKUP(D53, Composer!A:A, Composer!C:C, "-") -> 낭만 | H53: =_xlfn.XLOOKUP(E53, Composer!B:B, Composer!D:D, "-") -> Romantic | I53: 태림스코어 | K53: Fantasie, Scherzos, Nocturnes | M53: 3 | Q53: https://contents.kyobobook.co.kr/sih/fit-in/200x0/pdt/9791157801411.jpg
A54: 52 | B54: 쇼팽집 3 | C54: Chopin Piano-Œuvres 3 | D54: Frédéric François Chopin | E54: =_xlfn.XLOOKUP(D54, Composer!A:A, Composer!B:B, "-") -> 프레데리크 프랑수아 쇼팽 | G54: =_xlfn.XLOOKUP(D54, Composer!A:A, Composer!C:C, "-") -> 낭만 | H54: =_xlfn.XLOOKUP(E54, Composer!B:B, Composer!D:D, "-") -> Romantic | I54: 태림스코어 | K54: Valses, Mazurkas | M54: 2 | Q54: https://contents.kyobobook.co.kr/sih/fit-in/200x0/pdt/9791157801299.jpg
A55: 53 | B55: 쇼팽집 4 | C55: Chopin Piano-Œuvres 4 | D55: Frédéric François Chopin | E55: =_xlfn.XLOOKUP(D55, Composer!A:A, Composer!B:B, "-") -> 프레데리크 프랑수아 쇼팽 | G55: =_xlfn.XLOOKUP(D55, Composer!A:A, Composer!C:C, "-") -> 낭만 | H55: =_xlfn.XLOOKUP(E55, Composer!B:B, Composer!D:D, "-") -> Romantic | I55: 태림스코어 | K55: 24 Préludes, Prélude Op.45, 12 Études Op.10, 12 Études Op.25, Trois Nouvelles Études | M55: 3 | N55: 김진웅 | Q55: https://contents.kyobobook.co.kr/sih/fit-in/200x0/pdt/9791157801305.jpg
A56: 202 | B56: 쇼팽집 4 | C56: Chopin Piano-Œuvres 4 | D56: Frédéric François Chopin | E56: =_xlfn.XLOOKUP(D56, Composer!A:A, Composer!B:B, "-") -> 프레데리크 프랑수아 쇼팽 | G56: =_xlfn.XLOOKUP(D56, Composer!A:A, Composer!C:C, "-") -> 낭만 | H56: =_xlfn.XLOOKUP(E56, Composer!B:B, Composer!D:D, "-") -> Romantic | I56: 태림스코어 | K56: 24 Préludes, Prélude Op.45, 12 Études Op.10, 12 Études Op.25, Trois Nouvelles Études | M56: 3 | Q56: https://contents.kyobobook.co.kr/sih/fit-in/200x0/pdt/9791157801305.jpg
A57: 54 | B57: 쇼팽집 5 | C57: Chopin Piano-Œuvres 5 | D57: Frédéric François Chopin | E57: =_xlfn.XLOOKUP(D57, Composer!A:A, Composer!B:B, "-") -> 프레데리크 프랑수아 쇼팽 | G57: =_xlfn.XLOOKUP(D57, Composer!A:A, Composer!C:C, "-") -> 낭만 | H57: =_xlfn.XLOOKUP(E57, Composer!B:B, Composer!D:D, "-") -> Romantic | I57: 태림스코어 | K57: Polonaisen | M57: 3 | Q57: https://contents.kyobobook.co.kr/sih/fit-in/200x0/pdt/9791157802227.jpg
A58: 55 | B58: 쇼팽집 6 | C58: Chopin Piano-Œuvres 6 | D58: Frédéric François Chopin | E58: =_xlfn.XLOOKUP(D58, Composer!A:A, Composer!B:B, "-") -> 프레데리크 프랑수아 쇼팽 | G58: =_xlfn.XLOOKUP(D58, Composer!A:A, Composer!C:C, "-") -> 낭만 | H58: =_xlfn.XLOOKUP(E58, Composer!B:B, Composer!D:D, "-") -> Romantic | I58: 태림스코어 | K58: Rondeau, Rondeau à la mazur, Rondeau, Variations Brillantes, Variations, Bolero, Tarentelle, Allegro de concert, Berceuse, Barcarolle, Marche Funèbre, Trois ecossaises | L58: Op.1 / Op.5 / Op.16 / Op.12 / Op.posth. / Op.19 / Op.43 / Op.46 / Op.57 / Op.60 / Op.72, No.2 / Op.72, No.3 | M58: 2 | Q58: https://contents.kyobobook.co.kr/sih/fit-in/200x0/pdt/9791157802449.jpg
A59: 56 | B59: 쇼팽 전집 파데레프스키 편 7 | C59: Chopin Complete Works (Editor Paderewski) 7: Nocturnes | D59: Frédéric François Chopin | E59: =_xlfn.XLOOKUP(D59, Composer!A:A, Composer!B:B, "-") -> 프레데리크 프랑수아 쇼팽 | G59: =_xlfn.XLOOKUP(D59, Composer!A:A, Composer!C:C, "-") -> 낭만 | H59: =_xlfn.XLOOKUP(E59, Composer!B:B, Composer!D:D, "-") -> Romantic | I59: 태림스코어 | K59: (스프링 제본) 녹턴 Nocturnes | M59: 3
A60: 57 | B60: 쇼팽 폴로네즈집 | C60: Chopin Polonaisen | D60: Frédéric François Chopin | E60: =_xlfn.XLOOKUP(D60, Composer!A:A, Composer!B:B, "-") -> 프레데리크 프랑수아 쇼팽 | G60: =_xlfn.XLOOKUP(D60, Composer!A:A, Composer!C:C, "-") -> 낭만 | H60: =_xlfn.XLOOKUP(E60, Composer!B:B, Composer!D:D, "-") -> Romantic | I60: 음악춘추사 | K60: (스프링 제본) Polonaisen | M60: 3 | P60: chopin10.jpg
A61: 58 | B61: 알프레드 코르토에 의한 쇼팽 연습곡과 피아노 기교 | C61: Chopin's 24 Piano Studies | D61: Frédéric François Chopin | E61: =_xlfn.XLOOKUP(D61, Composer!A:A, Composer!B:B, "-") -> 프레데리크 프랑수아 쇼팽 | F61: Alfred Cortot | G61: =_xlfn.XLOOKUP(D61, Composer!A:A, Composer!C:C, "-") -> 낭만 | H61: =_xlfn.XLOOKUP(E61, Composer!B:B, Composer!D:D, "-") -> Romantic | I61: 음악춘추사 | K61: 에튀드 Etudes | M61: 3 | P61: chopin11.jpg
A62: 59 | B62: 슈만 피아노곡집 3 | C62: Schumann Klavierwerke 3 | D62: Robert Schumann | E62: =_xlfn.XLOOKUP(D62, Composer!A:A, Composer!B:B, "-") -> 로베르트 슈만 | G62: =_xlfn.XLOOKUP(D62, Composer!A:A, Composer!C:C, "-") -> 낭만 | H62: =_xlfn.XLOOKUP(E62, Composer!B:B, Composer!D:D, "-") -> Romantic | I62: 음악춘추사 | K62: Grosse Sonate Nr.3 Op.14 / Kinderszenen Op.15 / Kreisleriana Op.16 / Phantasie Op.17 | M62: 3 | N62: 서문덕 | P62: schumann1.jpg
A63: 60 | B63: 슈만 작품집 4 | C63: Schumann Klavierwerke 4 | D63: Robert Schumann | E63: =_xlfn.XLOOKUP(D63, Composer!A:A, Composer!B:B, "-") -> 로베르트 슈만 | G63: =_xlfn.XLOOKUP(D63, Composer!A:A, Composer!C:C, "-") -> 낭만 | H63: =_xlfn.XLOOKUP(E63, Composer!B:B, Composer!D:D, "-") -> Romantic | I63: 음악춘추사 | K63: Nachtstücke Op.23 1-4 / Drei Romanzen Op.1-3 / Waldszenen Op.82 / Drei Fantasiestüke Op.111 1-3 | M63: 3 | P63: schumann2.jpg
A64: 61 | B64: 슈만 2 | C64: Schumann Klavier-werke 2 | D64: Robert Schumann | E64: =_xlfn.XLOOKUP(D64, Composer!A:A, Composer!B:B, "-") -> 로베르트 슈만 | G64: =_xlfn.XLOOKUP(D64, Composer!A:A, Composer!C:C, "-") -> 낭만 | H64: =_xlfn.XLOOKUP(E64, Composer!B:B, Composer!D:D, "-") -> Romantic | I64: 현대음악출판사 | K64: 나비 Papillons Op.2 / 다윗 동맹 무곡집 Davidsbundlertänze Op.6 / 사육제 Carnaval Op.9 / 어린이의 정경 Kinderszenen Op.15 / 크라이슬레리아나 Kreisleriana Op.16 / 비인 사육제의 어릿광대 Faschingsschwank Aus Wien Op.26 | M64: 3 | P64: schumann3.jpg
A65: 62 | B65: 슈만집 3 | C65: Schumann Klavier-werke 3 | D65: Robert Schumann | E65: =_xlfn.XLOOKUP(D65, Composer!A:A, Composer!B:B, "-") -> 로베르트 슈만 | G65: =_xlfn.XLOOKUP(D65, Composer!A:A, Composer!C:C, "-") -> 낭만 | H65: =_xlfn.XLOOKUP(E65, Composer!B:B, Composer!D:D, "-") -> Romantic | I65: 태림스코어 | K65: 아베크 변주곡 Abegg-Variationen / 토카타 Tocatta / 알레그로 Allegro / 변주곡 형식에 의한 교향적 연습곡 Symphonische Etüden / 아라베스크 In Form Von Variationen Arabeske / 꽃노래 Blumenstück / 노벨레테 Novelletten | L65: Op.1 / Op.7 / Op.8 / Op.13 / Op.18 / Op.19 / Op.21 | M65: 3 | Q65: https://contents.kyobobook.co.kr/sih/fit-in/200x0/pdt/9791157803101.jpg
A66: 63 | B66: 슈만집 4 | C66: Schumann Klavier-werke 4 | D66: Robert Schumann | E66: =_xlfn.XLOOKUP(D66, Composer!A:A, Composer!B:B, "-") -> 로베르트 슈만 | G66: =_xlfn.XLOOKUP(D66, Composer!A:A, Composer!C:C, "-") -> 낭만 | H66: =_xlfn.XLOOKUP(E66, Composer!B:B, Composer!D:D, "-") -> Romantic | I66: 태림출판사 | K66: Fantasiestücke Op.12 / Fantasie Op.17 / Humoreske Op.20 / Nachtstücke Op.23 / Drei Romanzen Op.28 / Waldszenen Op.82 | M66: 2
A67: 64 | B67: 슈만집 5 | C67: Schumann Klavier-werke 5 | D67: Robert Schumann | E67: =_xlfn.XLOOKUP(D67, Composer!A:A, Composer!B:B, "-") -> 로베르트 슈만 | G67: =_xlfn.XLOOKUP(D67, Composer!A:A, Composer!C:C, "-") -> 낭만 | H67: =_xlfn.XLOOKUP(E67, Composer!B:B, Composer!D:D, "-") -> Romantic | I67: 태림출판사 | K67: Album für die Jugend Op.68 / Bunte Blätter Op.99 / Albumblätter Op.124 | M67: 3 | P67: schumann4.jpg
A68: 65 | B68: Schumann 5 | D68: Robert Schumann | E68: =_xlfn.XLOOKUP(D68, Composer!A:A, Composer!B:B, "-") -> 로베르트 슈만 | G68: =_xlfn.XLOOKUP(D68, Composer!A:A, Composer!C:C, "-") -> 낭만 | H68: =_xlfn.XLOOKUP(E68, Composer!B:B, Composer!D:D, "-") -> Romantic | I68: 세광음악출판사 | K68: Papillons Op.2 / Arabeske Op.18 / Album für die Jugend Op.68 / Waldszenen Op.82 | M68: 3 | N68: 임희준 | P68: schumann5.jpg
A69: 66 | B69: 슈만 피아노곡집 5 | C69: Schumann Klavierwerke 5 | D69: Robert Schumann | E69: =_xlfn.XLOOKUP(D69, Composer!A:A, Composer!B:B, "-") -> 로베르트 슈만 | G69: =_xlfn.XLOOKUP(D69, Composer!A:A, Composer!C:C, "-") -> 낭만 | H69: =_xlfn.XLOOKUP(E69, Composer!B:B, Composer!D:D, "-") -> Romantic | I69: 음악춘추사 | K69: Papillons Op.2 / Paganini-Studien Op.3 / Intermezzi Op.4 / Davidsbundlertanze 1, 2, Ausgabe Op.6 / Carnaval Op.9 | M69: 3 | P69: schumann6.jpg
A70: 67 | B70: 슈만 피아노곡집 7 | C70: Schumann Klavierwerke 7 | D70: Robert Schumann | E70: =_xlfn.XLOOKUP(D70, Composer!A:A, Composer!B:B, "-") -> 로베르트 슈만 | G70: =_xlfn.XLOOKUP(D70, Composer!A:A, Composer!C:C, "-") -> 낭만 | H70: =_xlfn.XLOOKUP(E70, Composer!B:B, Composer!D:D, "-") -> Romantic | I70: 음악춘추사 | K70: Bunte Blatter Op.99 / Drei Phantasiestücke Op.111 / Drei Klavier-Sonaten / Für die Jugend Op.118 / Albumblätter Op.124 / Sieben Stücke im Fughettenform Op.126 / Gesänge der Frühe Op.133 | M70: 3 | P70: schumann7.jpg
A71: 68 | B71: 멘델스존 2 | C71: Mendelssohn Klavier-werke 2 | D71: Felix Menselssohn | E71: =_xlfn.XLOOKUP(D71, Composer!A:A, Composer!B:B, "-") -> 펠릭스 멘델스존 | G71: =_xlfn.XLOOKUP(D71, Composer!A:A, Composer!C:C, "-") -> 낭만 | H71: =_xlfn.XLOOKUP(E71, Composer!B:B, Composer!D:D, "-") -> Romantic | I71: 현대음악출판사 | K71: 무언가 Lieder Ohne Worte Op.19, 30, 38, 53, 62, 67, 85, 102 | M71: 3 | P71: mendelssohn1.jpg
A72: 69 | B72: 슈베르트 3 | C72: Schubert Klavier-werke 3 | D72: Franz Peter Schubert | E72: =_xlfn.XLOOKUP(D72, Composer!A:A, Composer!B:B, "-") -> 프란츠 페터 슈베르트 | G72: =_xlfn.XLOOKUP(D72, Composer!A:A, Composer!C:C, "-") -> 낭만 | H72: =_xlfn.XLOOKUP(E72, Composer!B:B, Composer!D:D, "-") -> Romantic | I72: 현대음악출판사 | K72: 방랑인 주제에 의한 환상곡 Wanderer-Fantasie Op.15 / 즉흥곡 Impromptus Op.90, 142 / 악흥의 한 때 Moments Musicaux Op.94 | M72: 2 | P72: schubert7.jpg
A73: 70 | B73: 슈베르트 2 | C73: Schubert Klavier-werke 2 | D73: Franz Peter Schubert | E73: =_xlfn.XLOOKUP(D73, Composer!A:A, Composer!B:B, "-") -> 프란츠 페터 슈베르트 | G73: =_xlfn.XLOOKUP(D73, Composer!A:A, Composer!C:C, "-") -> 낭만 | H73: =_xlfn.XLOOKUP(E73, Composer!B:B, Composer!D:D, "-") -> Romantic | I73: 현대음악출판사 | K73: 소나타 Sonaten | L73: Op. 164 / Op.posth. c-moll / Op.posth. A-dur / Op.posth. B-dur / Op.78 | M73: 3 | P73: schubert6.jpg
A74: 71 | B74: Schumann Piano Concerto A minor | D74: Robert Schumann | E74: =_xlfn.XLOOKUP(D74, Composer!A:A, Composer!B:B, "-") -> 로베르트 슈만 | G74: =_xlfn.XLOOKUP(D74, Composer!A:A, Composer!C:C, "-") -> 낭만 | H74: =_xlfn.XLOOKUP(E74, Composer!B:B, Composer!D:D, "-") -> Romantic | I74: 태림출판사 | K74: 피아노 협주곡 Piano Concerto A minor | L74: Op.54 | M74: 3 | P74: schumann9.jpg
A75: 72 | B75: Schumann Papillons | D75: Robert Schumann | E75: =_xlfn.XLOOKUP(D75, Composer!A:A, Composer!B:B, "-") -> 로베르트 슈만 | G75: =_xlfn.XLOOKUP(D75, Composer!A:A, Composer!C:C, "-") -> 낭만 | H75: =_xlfn.XLOOKUP(E75, Composer!B:B, Composer!D:D, "-") -> Romantic | I75: G. Henle Verlag | K75: 나비 Papillons Op.2 | M75: 1
A76: 73 | B76: Rob.Schumann's Werke | D76: Robert Schumann | E76: =_xlfn.XLOOKUP(D76, Composer!A:A, Composer!B:B, "-") -> 로베르트 슈만 | G76: =_xlfn.XLOOKUP(D76, Composer!A:A, Composer!C:C, "-") -> 낭만 | H76: =_xlfn.XLOOKUP(E76, Composer!B:B, Composer!D:D, "-") -> Romantic | I76: 정보 없음 | K76: (스프링 제본) 슈만 피아노 사중주 Quartet für Pianoforte, Violine, Viola und Violoncell | L76: Op.47 | M76: 3 | P76: schumann8.jpg
A77: 74 | B77: Mozart Sonata for two Pianos | D77: Wolfgang Amadeus Mozart | E77: =_xlfn.XLOOKUP(D77, Composer!A:A, Composer!B:B, "-") -> 볼프강 아마데우스 모차르트 | G77: =_xlfn.XLOOKUP(D77, Composer!A:A, Composer!C:C, "-") -> 고전 | H77: =_xlfn.XLOOKUP(E77, Composer!B:B, Composer!D:D, "-") -> Classical | I77: 정보 없음 | K77: (스프링 제본) 모차르트 두 대의 피아노를 위한 소나타 | M77: 2
A78: 75 | B78: 4개의 손을 위한 3개의 피아노곡 | C78: Drei stücke für Pianoforte zu 4 Händen | D78: Moritz Moszkowski | E78: =_xlfn.XLOOKUP(D78, Composer!A:A, Composer!B:B, "-") -> 모리츠 모슈코프스키 | G78: =_xlfn.XLOOKUP(D78, Composer!A:A, Composer!C:C, "-") -> 낭만 | H78: =_xlfn.XLOOKUP(E78, Composer!B:B, Composer!D:D, "-") -> Romantic | I78: 정보 없음 | K78: (스프링 제본) Drei Stücke für das Pianoforte zu vier Händen | L78: Op.11 | M78: 3 | P78: moszkowski1.jpg
A79: 76 | B79: 차이콥스키집 | C79: Tschaikowsky Klavier-Werke | D79: Pyotr Ilyich Tchaikovsky | E79: =_xlfn.XLOOKUP(D79, Composer!A:A, Composer!B:B, "-") -> 표트르 일리치 차이콥스키 | G79: =_xlfn.XLOOKUP(D79, Composer!A:A, Composer!C:C, "-") -> 낭만 | H79: =_xlfn.XLOOKUP(E79, Composer!B:B, Composer!D:D, "-") -> Romantic | I79: 태림스코어 | K79: 소나타 Sonate Op.37 / 사계 Die Jahreszeiten Op.37a / 무언가 Chant Sans Paroles Op.2 No.3 / 로망스 Romance Op.5 / 유모레스크 Humoresque Op.10 No.2 / 야상곡 Nocturne Op.19 No.4 / 주제와 변주곡 Thême Et Variations Op.19 No.6 / 슬픈 노래 Chanson Tristes Op.40 No.2 / 무언가 Chant Sans Paroles Op.40 No.6 / 나타-왈츠 Natha-Valse Op.51 No.4 / 로망스 Romance Op.51 No.5 / 둠카 Dumka Op.59 / 자장가 Berceuse Op.16 No.1 | M79: 3 | P79: tschai2.jpg
A80: 77 | B80: Liszt Zwei Konzertetüden | D80: Franz Liszt | E80: =_xlfn.XLOOKUP(D80, Composer!A:A, Composer!B:B, "-") -> 프란츠 리스트 | G80: =_xlfn.XLOOKUP(D80, Composer!A:A, Composer!C:C, "-") -> 낭만 | H80: =_xlfn.XLOOKUP(E80, Composer!B:B, Composer!D:D, "-") -> Romantic | I80: G. Henle Verlag | K80: Zwei Kondertetüden Waldesraschen, Gnomenreigen | M80: 2 | N80: 문상혁
A81: 78 | B81: Liszt Competition - Quarter Final | D81: Franz Liszt | E81: =_xlfn.XLOOKUP(D81, Composer!A:A, Composer!B:B, "-") -> 프란츠 리스트 | G81: =_xlfn.XLOOKUP(D81, Composer!A:A, Composer!C:C, "-") -> 낭만 | H81: =_xlfn.XLOOKUP(E81, Composer!B:B, Composer!D:D, "-") -> Romantic | I81: 정보 없음 | K81: (스프링 제본) Années de pèlerinage, Première année: Suisse S.160 No.1, 4, 5 / Romance S.169 / Années de pèlerinage, Deuxième année: Italie 7. Après une lecture du Dante: Fantasia quasi Sonata S.161 No.7 | M81: 3 | P81: liszt2.jpg
A82: 79 | B82: 브람스 1 | C82: Brahms Klavier-Werke 1 | D82: Johannes Brahms | E82: =_xlfn.XLOOKUP(D82, Composer!A:A, Composer!B:B, "-") -> 요하네스 브람스 | G82: =_xlfn.XLOOKUP(D82, Composer!A:A, Composer!C:C, "-") -> 낭만 | H82: =_xlfn.XLOOKUP(E82, Composer!B:B, Composer!D:D, "-") -> Romantic | I82: 현대음악출판사 | K82: 소나타 Sonaten 1, 2, 3 / 변주곡 Variationen Über ein Thema von R.Schumann Op.9 / Über ein Eigenes Thema Op.21 No.1 / Über ein Ungarisches Lied Op.21 No.2 / Variationen und Fuge über ein Thema von Händel Op.24 / Über ein Thema von Paganini Op.35 | M82: 3
A83: 80 | B83: 브람스 2 | C83: Brahms Klavier-Werke 2 | D83: Johannes Brahms | E83: =_xlfn.XLOOKUP(D83, Composer!A:A, Composer!B:B, "-") -> 요하네스 브람스 | G83: =_xlfn.XLOOKUP(D83, Composer!A:A, Composer!C:C, "-") -> 낭만 | H83: =_xlfn.XLOOKUP(E83, Composer!B:B, Composer!D:D, "-") -> Romantic | I83: 현대음악출판사 | K83: 스케르초 Scherzo Op.4 / 발라드 Balladen Op.10 / 왈츠 Walzer Op.39 / 피아노 소곡집 Klavierstücke Op.76, 118, 119 / 2개의 광시곡 Zwei Rhapsodien Op.79 / 환상곡 Fantasien Op.116 / 간주곡 Intermezzi Op.117 | M83: 2
A84: 81 | B84: J. Strauss Klavier-Werke | D84: Johann Strauss II | E84: =_xlfn.XLOOKUP(D84, Composer!A:A, Composer!B:B, "-") -> 요한 슈트라우스 2세 | G84: =_xlfn.XLOOKUP(D84, Composer!A:A, Composer!C:C, "-") -> 낭만 | H84: =_xlfn.XLOOKUP(E84, Composer!B:B, Composer!D:D, "-") -> Romantic | I84: 세광음악출판사 | K84: 왈츠 Waltzes Kaiser-Walzer Op.437 / Frühlingsstimmen Op.410 / An der schönen blauen Donau Op. 314 / Künstlerleben Op.316 / Geschichten aus dem Wienerwald Op.325 / Wein, Weib und Gesang Op.333 / Tausend und eine Nacht Op.346 / Wiener Blut Op.354 / O schöner Mai Op.375 / Rosen aus dem Süden Op.388 / Kuss-Walzer Op.400 / Morgenblätter Op.279 / 폴카 Polkas Pizzicato Polka / Czech Polka / Annen Polka / Thunder and Lightning Polka / Tritsch-Tratsch Polka | M84: 3
A85: 82 | B85: 리스트 작품집 2 | C85: Liszt Klavierwerke 2 | D85: Franz Liszt | E85: =_xlfn.XLOOKUP(D85, Composer!A:A, Composer!B:B, "-") -> 프란츠 리스트 | G85: =_xlfn.XLOOKUP(D85, Composer!A:A, Composer!C:C, "-") -> 낭만 | H85: =_xlfn.XLOOKUP(E85, Composer!B:B, Composer!D:D, "-") -> Romantic | I85: 음악춘추사 | K85: (스프링 제본) 잊어버린 왈츠 Première Valse oubliée / 반음계적 대 갈롭 Grand Galop chromatique / 위로 6개의 피아노곡 Consolations / 두개의 전설 Deux Légendes / 소나타 나단조 Sonate | M85: 3 | P85: liszt1.jpg
A86: 83 | B86: 리스트 작품집 1 | C86: Liszt Klavierwerke 1 | D86: Franz Liszt | E86: =_xlfn.XLOOKUP(D86, Composer!A:A, Composer!B:B, "-") -> 프란츠 리스트 | G86: =_xlfn.XLOOKUP(D86, Composer!A:A, Composer!C:C, "-") -> 낭만 | H86: =_xlfn.XLOOKUP(E86, Composer!B:B, Composer!D:D, "-") -> Romantic | I86: 음악춘추사 | K86: 폴로네즈 Polonaise I, II / 발라드 Ballade I, II / 제1 메피스트 왈츠 Mephisto-Walzer I / 즉흥적 왈츠 Valse-Impromptu | M86: 3 | P86: liszt4.jpg
A87: 84 | B87: 리스트 소품집 1 | C87: Liszt Einzelne Charakterstücke 1 | D87: Franz Liszt | E87: =_xlfn.XLOOKUP(D87, Composer!A:A, Composer!B:B, "-") -> 프란츠 리스트 | G87: =_xlfn.XLOOKUP(D87, Composer!A:A, Composer!C:C, "-") -> 낭만 | H87: =_xlfn.XLOOKUP(E87, Composer!B:B, Composer!D:D, "-") -> Romantic | I87: 음악춘추사 | K87: 화려한 알레그로 Allegro di bravura / 알렐루야 Alleluja / 아베 마리아(리벨트와 시타르크 대 피아노를 위한) Ave Maria (für die große Klavierschule von Lebert und Stark) / 자장가(개정판) Berceuse (2. Fassung - 2nd version) / 프러시아의 루이 - 페르난도공의 모티브에 의한 비가 Élégie sur des motifs du Prince Louis Ferdinand de Prusse / 프렐류드 Festvorspiel - Prélude / 피아노 소곡 F# 장조 Klavierstück Fis-dur - Piano Piece in F sharp major / 밤 La Notte / 죽은 자 Les morts - Die Toten / 로만스 Romance / 화려한 론도 Rondo di bravura / 영광을 찬미하며 Slavimo slavno slaveni! / 베토벤 첫 칸타타에 의한 70마디 테마 70 Takte nach Motiven aus der ersten Beethoven-Kantate - 70 Bars on Themes from the First Beethoven Cantata | M87: 3 | P87: liszt5.jpg
A88: 85 | B88: 리스트 작품집 1 | C88: Liszt Einzelne Charakterstücke 1 | D88: Franz Liszt | E88: =_xlfn.XLOOKUP(D88, Composer!A:A, Composer!B:B, "-") -> 프란츠 리스트 | G88: =_xlfn.XLOOKUP(D88, Composer!A:A, Composer!C:C, "-") -> 낭만 | H88: =_xlfn.XLOOKUP(E88, Composer!B:B, Composer!D:D, "-") -> Romantic | I88: 음악춘추사 | K88: 리하르트 바그너의 무덤에서 Am grabe Richard Wagners / 아베 마리아(교회 합창 찬송가를 위한) Ave Maria (aus den neun Kirchenchorgesängen) / 아베 마리아 Ave Maria (R.194; G.545) / 카루젤의 여인 Carrousel de Madame Pelet-Narbonne / 슬픈 콘도라 1 Die Trauer-Gondel Nr.1 - La lugubre gondola No.1 / 슬픈 콘도라 2 Die Trauer-Gondel Nr.2 - La lugubre gondola No.2 / 꿈속에 En rêve / 결혼행진곡 Epithalam / 즉흥곡 Impromptu / 주 예수 부활 축제에 In festo transfigurationis Domini / 명상 Recueillement / 단념 Resignazione / 잊어버린 낭만 Romance oubliée - Vergessene Romanze / 베네치아의 리하르트 바그너 R. W. - Venezia / 성 도로시아 Sancta Dorothea / 잠 이룰 수 없는 밤 Schlaflos! / 슬픔에 찬 성모여 Stabat mater / 토카나 Toccata / 장송행진곡 Trauervorspiel und Trauermarsch / 검은 구름 Trübe Wolken - Nuages gris / 음악의 초상 Un portrait en musique / 불운 Unstern! - Sinistre / 교황의 축복 Urbi et orbi / 깃발을 앞세우고 Vexilla regis prodeunt / 자장가 Wiegenlied - Chant du berceau | M88: 3 | P88: liszt6.jpg
A89: 86 | B89: Liszt IV | D89: Franz Liszt | E89: =_xlfn.XLOOKUP(D89, Composer!A:A, Composer!B:B, "-") -> 프란츠 리스트 | G89: =_xlfn.XLOOKUP(D89, Composer!A:A, Composer!C:C, "-") -> 낭만 | H89: =_xlfn.XLOOKUP(E89, Composer!B:B, Composer!D:D, "-") -> Romantic | I89: Shunjusha Edition | K89: Ungarische Rhapsodien / Rhapsodie espagnole | M89: 3 | P89: liszt3.jpg
A90: 87 | B90: 리스트집 2 | C90: Liszt Klavier-Werke 2 | D90: Franz Liszt | E90: =_xlfn.XLOOKUP(D90, Composer!A:A, Composer!B:B, "-") -> 프란츠 리스트 | G90: =_xlfn.XLOOKUP(D90, Composer!A:A, Composer!C:C, "-") -> 낭만 | H90: =_xlfn.XLOOKUP(E90, Composer!B:B, Composer!D:D, "-") -> Romantic | I90: 태림스코어 | K90: 사랑의 꿈 Liebesträume / 시적이며 종교적인 선율 Harmonies Poétiques et Religieuses No.7, 10 / 순례의 연보 제1년 (스위스) Années de Pèlerinage (1ère Année) / 순례의 연보 제2년 (이탈리아) Années de Pèlerinage (2e Année) / 베네치아와 나폴리 - 순례의 연보 제2년의 보유 Venezia e Napoli (Supplément aux Années de Pèlerinage, 2e Année) / 순례의 연보 제3년 (이탈리아) Années de Pèlerinage (3e Année) | M90: 3 | Q90: https://contents.kyobobook.co.kr/sih/fit-in/458x0/pdt/9791157802128.jpg
A91: 88 | B91: 리스트집 3 | C91: Liszt Klavier-Werke 3 | D91: Franz Liszt | E91: =_xlfn.XLOOKUP(D91, Composer!A:A, Composer!B:B, "-") -> 프란츠 리스트 | G91: =_xlfn.XLOOKUP(D91, Composer!A:A, Composer!C:C, "-") -> 낭만 | H91: =_xlfn.XLOOKUP(E91, Composer!B:B, Composer!D:D, "-") -> Romantic | I91: 태림스코어 | K91: 초절기교 연습곡 Etudes D'exècution Transcendante / 파가니니에 의한 연습곡 Paganini-Etüden / 3개의 연주회용 연습곡 Trois Etudes De Concert / 2개의 연주회용 연습곡 Zwei Konzert-Etüden | M91: 3 | Q91: https://contents.kyobobook.co.kr/sih/fit-in/200x0/pdt/9791157801428.jpg
A92: 89 | B92: 리스트집 1 | C92: Liszt Klavier-Werke 1 | D92: Franz Liszt | E92: =_xlfn.XLOOKUP(D92, Composer!A:A, Composer!B:B, "-") -> 프란츠 리스트 | G92: =_xlfn.XLOOKUP(D92, Composer!A:A, Composer!C:C, "-") -> 낭만 | H92: =_xlfn.XLOOKUP(E92, Composer!B:B, Composer!D:D, "-") -> Romantic | I92: 태림스코어 | K92: 소나타 b단조 Sonata h-moll / 폴로네즈 제2번 Polonaise II / 발라드 제2번 Ballade II / 메피스토왈츠 제1번 Mephisto-Walzer I / 즉흥적 왈츠 Valse-Impromptu / 잊어버린 왈츠 제1번 Première Valse Oubliée / 위로 Consolations / 2개의 전설 Deus Légendes | M92: 3 | Q92: https://contents.kyobobook.co.kr/sih/fit-in/200x0/pdt/9791157802661.jpg
A93: 90 | B93: Liszt Klavier-Werke 4 | D93: Franz Liszt | E93: =_xlfn.XLOOKUP(D93, Composer!A:A, Composer!B:B, "-") -> 프란츠 리스트 | G93: =_xlfn.XLOOKUP(D93, Composer!A:A, Composer!C:C, "-") -> 낭만 | H93: =_xlfn.XLOOKUP(E93, Composer!B:B, Composer!D:D, "-") -> Romantic | I93: 세광음악출판사 | K93: Ungarische Rhapsodien / Rhapsodie espagnole | M93: 1
A94: 91 | B94: Liszt Klavier-Werke 5 | D94: Franz Liszt | E94: =_xlfn.XLOOKUP(D94, Composer!A:A, Composer!B:B, "-") -> 프란츠 리스트 | G94: =_xlfn.XLOOKUP(D94, Composer!A:A, Composer!C:C, "-") -> 낭만 | H94: =_xlfn.XLOOKUP(E94, Composer!B:B, Composer!D:D, "-") -> Romantic | I94: 태림출판사 | K94: Bearbeitungen Präludium und Fuge für Orgel von J.S.Bach / Orgel-Phantasie und Fuge von J.S.Bach / Variationen über den Basso continuo der Kantate: Weinen, Klagen etc.von J.S.Bach / Phantasie und Fuge über das Thema BACH / Soirées de Vienne Valses-Caprices d'aprés Fr.Schubert No.6-9 / Lieder-Bearbeitungen Erlkönig: Wer reitet so spät / Ständchen: Horch, horch die Lerch / Ave Maria: Ave Maria! Jungfrau mild! / Der Lindenbaum: Am brunnen vor dem Tore (Schubert) / Liebeslied: Du meine Seele / Frühlingsnacht: Überm Garten (Schumann) / Mädchens Wunsch: Könnt ich als Sonne / Meine Freuden: Girrt eine Taube (Chopin) / Auf Flügeln des Gesanges: auf Flügeln des Gesanges (Mendelssohn) / Le Rossignol de Alabiev / La Regatta Veneziana Soirées musicales de Rossini, No.2 | M94: 2
A95: 92 | B95: Liszt Klavier-Werke 5 | D95: Franz Liszt | E95: =_xlfn.XLOOKUP(D95, Composer!A:A, Composer!B:B, "-") -> 프란츠 리스트 | G95: =_xlfn.XLOOKUP(D95, Composer!A:A, Composer!C:C, "-") -> 낭만 | H95: =_xlfn.XLOOKUP(E95, Composer!B:B, Composer!D:D, "-") -> Romantic | I95: 세광음악출판사 | K95: Konzert-Paraphrasen Tannhäuser-Ouvertüre / O du mein holder Abendstern: Wie Todesahnung aus Tannhäuser / Einzug der Gäste auf Wartburg aus Tannhäuser / Festspiel und Brautlied: Treulich geführt aus Lohengrin / Spinnerlied: Summ und brumm du gutes Rädchen, aus dem Fliegenden Holländer / Isoldens Liebestod: Mild und leise, aus Tristan und Isolde (Wagner) / Reminiscences de Don Juan (Mozart) / Rigoletto-Paraphrase (Verdi) / Hochzeitsmarsch und Elfenreigen aus dem Sommernachtstraum (Mendelssohn) / Valse de l'Opéra Faust (Gounod) | M95: 3 | P95: liszt9.jpg
A96: 93 | B96: 리스트 피아노곡집 연습곡 I | C96: Liszt: Klavierwerke Etüden I | D96: Franz Liszt | E96: =_xlfn.XLOOKUP(D96, Composer!A:A, Composer!B:B, "-") -> 프란츠 리스트 | G96: =_xlfn.XLOOKUP(D96, Composer!A:A, Composer!C:C, "-") -> 낭만 | H96: =_xlfn.XLOOKUP(E96, Composer!B:B, Composer!D:D, "-") -> Romantic | I96: 음악춘추사 | K96: 초절기교 연습곡 Études d'exécution transcendante | M96: 3 | N96: 이승우 | P96: liszt8.jpg
A97: 94 | B97: 리스트 피아노곡집 연습곡 II | C97: Liszt: Klavierwerke Etüden II | D97: Franz Liszt | E97: =_xlfn.XLOOKUP(D97, Composer!A:A, Composer!B:B, "-") -> 프란츠 리스트 | G97: =_xlfn.XLOOKUP(D97, Composer!A:A, Composer!C:C, "-") -> 낭만 | H97: =_xlfn.XLOOKUP(E97, Composer!B:B, Composer!D:D, "-") -> Romantic | I97: 음악춘추사 | K97: 3개의 연주회용 연습곡 Trois études de concert / 연습곡의 완성 Ab irato / 두 개의 연주회용 연습곡 Zwei Konzertetüden / 파가니니에 의한 대연습곡 Grandes Etudes de Paganini | M97: 3 | P97: liszt7.jpg
A98: 95 | B98: Mendelssohn Rondo capriccioso | D98: Felix Menselssohn | E98: =_xlfn.XLOOKUP(D98, Composer!A:A, Composer!B:B, "-") -> 펠릭스 멘델스존 | G98: =_xlfn.XLOOKUP(D98, Composer!A:A, Composer!C:C, "-") -> 낭만 | H98: =_xlfn.XLOOKUP(E98, Composer!B:B, Composer!D:D, "-") -> Romantic | I98: G. Henle Verlag | K98: Rondo capriccioso Op.14 | M98: 2 | N98: 문상혁 | P98: mendelssohn2.jpg
A99: 96 | B99: Mendelssohn Klavier-Werke 1 | D99: Felix Menselssohn | E99: =_xlfn.XLOOKUP(D99, Composer!A:A, Composer!B:B, "-") -> 펠릭스 멘델스존 | G99: =_xlfn.XLOOKUP(D99, Composer!A:A, Composer!C:C, "-") -> 낭만 | H99: =_xlfn.XLOOKUP(E99, Composer!B:B, Composer!D:D, "-") -> Romantic | I99: 세광음악출판사 | K99: (스프링 제본) Sonate Op.6 / Variations Serieuses Op.54 / Andante con Variazioni Op.82 / Capriccioso Op.14 / Trois Fantaisies ou Caprices Op.16 / Praeludie und Fuge Op.35 / Sechs Kinderstücke Op.72 / Drei Etüden Op.104 / Andante Cantabile e Presto Agitato | M99: 3 | P99: mendelssohn3.jpg
A100: 97 | B100: 베버 소나타집 | C100: Weber Klaviersonaten | D100: Carl Maria von Weber | E100: =_xlfn.XLOOKUP(D100, Composer!A:A, Composer!B:B, "-") -> 카를 마리아 폰 베버 | G100: =_xlfn.XLOOKUP(D100, Composer!A:A, Composer!C:C, "-") -> 낭만 | H100: =_xlfn.XLOOKUP(E100, Composer!B:B, Composer!D:D, "-") -> Romantic | I100: 음악춘추사 | K100: 소나타 Sonate No.1 ~ 4 Op.24, 39, 49, 70 | M100: 3 | P100: weber2.jpg
...

Sheet Catalog의 사본
A1: id | B1: title_kor | C1: title_org | D1: composer_org | E1: composer_kor | F1: transcription | G1: era | H1: era_eng | I1: publisher | J1: isbn | K1: description | L1: opus | M1: condition | N1: doner | O1: desc2 | P1: img | Q1: webimg | R1: isInstr
B2: 한글 제목 | C2: 원제 | D2: 작곡가 이름(원어) | E2: 작곡가 이름(한글) | F2: 편곡자, 재편곡자 이름 | G2: 장르 및 시대 | I2: 출판사 | J2: ISBN | K2: 수록 곡 등 설명 | L2: 수록 곡의 작품번호 | M2: 보존 상태(3~1) | N2: 기증자 정보 | O2: 비고 | P2: 이미지 path | Q2: 이미지(웹) url | R2: 교본인지 여부
A3: 1 | B3: Händel Klavier-Werke | D3: George Frideric Handel | E3: =_xlfn.XLOOKUP(D3, Composer!A:A, Composer!B:B, "-") -> 게오르크 프리드리히 헨델 | G3: =_xlfn.XLOOKUP(D3, Composer!A:A, Composer!C:C, "-") -> 바로크 | H3: =_xlfn.XLOOKUP(E3, Composer!B:B, Composer!D:D, "-") -> Baroque | I3: 세광음악출판사 | K3: Suiten (Selections), 3 Leçons, Chaconne con Variazioni, Fantasia, Fuga I | L3: Suites -> HWV 426, 428, 429, 430, 431, 432, 439, 436, 437, 441, 452 Leçons -> 434, 435 Chaconne con Variazioni -> 442 Fantasia -> 490, Fuga -> 605 | M3: 3 | P3: handel1.jpg
A4: 2 | B4: D.Scarlatti Piano-Opere 1 | D4: Domenico Scarlatti | E4: =_xlfn.XLOOKUP(D4, Composer!A:A, Composer!B:B, "-") -> 도메니코 스카를라티 | G4: =_xlfn.XLOOKUP(D4, Composer!A:A, Composer!C:C, "-") -> 바로크 | H4: =_xlfn.XLOOKUP(E4, Composer!B:B, Composer!D:D, "-") -> Baroque | I4: 태림출판사 | K4: 50 Sonate | L4: S.L.2 / S.L.3 / S.L.15 / L.2 / L.3 / L.5 / L.6 / L.10 / L.14 / L.17 / L.20 / L.21 / L.22 (K.198) / L.23 (K.380) / L.25 / L.31 / L.32 / L.33(K.87) / L.34 / L.35 / L.43 / L.48 / L.50 / L.54 / L.58 / L.84 / L.90 / L.93 / L.97 / L.98 / L.103 / L.104 / L.107 / L.108 (K.213) / L.109 / L.111 / L.119 / L.122 / L.127 / L.129 / L.132 / L.139 / L.141 / L.142 / L.148 / L.152 / L.164 / L.171 / L.172 / L.182 | M4: 3 | O4: 소나타 13번에 표시 되어있음
A5: 3 | B5: D.Scarlatti Piano-Opere 2 | D5: Domenico Scarlatti | E5: =_xlfn.XLOOKUP(D5, Composer!A:A, Composer!B:B, "-") -> 도메니코 스카를라티 | G5: =_xlfn.XLOOKUP(D5, Composer!A:A, Composer!C:C, "-") -> 바로크 | H5: =_xlfn.XLOOKUP(E5, Composer!B:B, Composer!D:D, "-") -> Baroque | I5: 태림출판사 | K5: 50 Sonate | L5: L.186 / L.187 / L.188 / L.193 / L.195 / L.203 / L.205 / L.208 / L.209 (K.455) / L.210 / L.215 / L.224 / L.225 / L.231 / L.232 / L.234 / L.241 / L.243 / L.245 / L.249 / L.256 / L.257 / L.258 / L.259 / L.260 / L.263 / L.267 / L.282 / L.286 / L.288 / L.290 / L.293 / L.294 / L.300 / L.301 / L.307 / L.318 / L.324 / L.325 / L.327 / L.331 / L.335 / L.338 / L.340 (K.476) / L.343 / L.344 / L.345 / L.347 / L.348 / L.349 | M5: 3
A6: 4 | B6: J.S.Bach Klavier-Werke 2 | D6: Johann Sebastian Bach | E6: =_xlfn.XLOOKUP(D6, Composer!A:A, Composer!B:B, "-") -> 요한 세바스티안 바흐 | G6: =_xlfn.XLOOKUP(D6, Composer!A:A, Composer!C:C, "-") -> 바로크 | H6: =_xlfn.XLOOKUP(E6, Composer!B:B, Composer!D:D, "-") -> Baroque | I6: 세광음악출판사 | K6: Wohltemperiertes Klavier, 48 Präludein und Fugen | L6: BWV 846–893 | M6: 3 | P6: bach1.jpg
A7: 5 | B7: J.S.Bach Klavier-Werke 3 | D7: Johann Sebastian Bach | E7: =_xlfn.XLOOKUP(D7, Composer!A:A, Composer!B:B, "-") -> 요한 세바스티안 바흐 | G7: =_xlfn.XLOOKUP(D7, Composer!A:A, Composer!C:C, "-") -> 바로크 | H7: =_xlfn.XLOOKUP(E7, Composer!B:B, Composer!D:D, "-") -> Baroque | I7: 세광음악출판사 | K7: Französische Suiten, Englische Suiten | L7: BWV 806-811, 812-817 | M7: 3 | P7: bach2.jpg
A8: 6 | B8: Johann Sebastian Bach Partiten Goldberg-Variationen | D8: Johann Sebastian Bach | E8: =_xlfn.XLOOKUP(D8, Composer!A:A, Composer!B:B, "-") -> 요한 세바스티안 바흐 | G8: =_xlfn.XLOOKUP(D8, Composer!A:A, Composer!C:C, "-") -> 바로크 | H8: =_xlfn.XLOOKUP(E8, Composer!B:B, Composer!D:D, "-") -> Baroque | I8: 동화출판사 | K8: Partiten, Goldberg-Variationen | L8: BWV 825-830, 988 | M8: 3 | P8: bach3.jpg
A9: 7 | B9: Johann Sebastian Bach Das Wohltemperierte Klavier I·II | D9: Johann Sebastian Bach | E9: =_xlfn.XLOOKUP(D9, Composer!A:A, Composer!B:B, "-") -> 요한 세바스티안 바흐 | G9: =_xlfn.XLOOKUP(D9, Composer!A:A, Composer!C:C, "-") -> 바로크 | H9: =_xlfn.XLOOKUP(E9, Composer!B:B, Composer!D:D, "-") -> Baroque | I9: 동화출판사 | K9: Das Wohltemperierte Klavier I, Das Wohltemperierte Klavier II | L9: BWV 846-869, 870~893 | M9: 3 | P9: bach4.jpg
A10: 8 | B10: J.S.Bach Das Wohletemperierte Klavier Teil I | D10: Johann Sebastian Bach | E10: =_xlfn.XLOOKUP(D10, Composer!A:A, Composer!B:B, "-") -> 요한 세바스티안 바흐 | G10: =_xlfn.XLOOKUP(D10, Composer!A:A, Composer!C:C, "-") -> 바로크 | H10: =_xlfn.XLOOKUP(E10, Composer!B:B, Composer!D:D, "-") -> Baroque | I10: G. Henle Verlag | K10: Das Wohltemperierte Klavier I | L10: BWV 846-869 | M10: 2 | N10: 문상혁 | O10: 표지 찢겨져 있음 | Q10: https://contents.kyobobook.co.kr/sih/fit-in/458x0/pdt/9790201810140.jpg
A11: 9 | B11: J.S.Bach Klavier-Werke 4 | D11: Johann Sebastian Bach | E11: =_xlfn.XLOOKUP(D11, Composer!A:A, Composer!B:B, "-") -> 요한 세바스티안 바흐 | G11: =_xlfn.XLOOKUP(D11, Composer!A:A, Composer!C:C, "-") -> 바로크 | H11: =_xlfn.XLOOKUP(E11, Composer!B:B, Composer!D:D, "-") -> Baroque | I11: 태림출판사 | K11: 15 Inventionen, 15 Symphonien, Kleine Präludien, Fughetten | L11: BWV 772-786, 787-801 | M11: 3
A12: 10 | B12: J.S.Bach Klavier-Werke 5 | D12: Johann Sebastian Bach | E12: =_xlfn.XLOOKUP(D12, Composer!A:A, Composer!B:B, "-") -> 요한 세바스티안 바흐 | G12: =_xlfn.XLOOKUP(D12, Composer!A:A, Composer!C:C, "-") -> 바로크 | H12: =_xlfn.XLOOKUP(E12, Composer!B:B, Composer!D:D, "-") -> Baroque | I12: 현대악보출판사 | K12: Partiten, Französische Ouvertüre, Italienisches Konzert, Chromatische Phantasie Und Fuge, Capriccio | L12: BWV 924–930, 939–942, 999, 933-938, 961, 952, 953, 899, | M12: 3 | P12: bach5.jpg
A13: 11 | B13: J.S.Bach Klavier-Werke 6 | D13: Johann Sebastian Bach | E13: =_xlfn.XLOOKUP(D13, Composer!A:A, Composer!B:B, "-") -> 요한 세바스티안 바흐 | G13: =_xlfn.XLOOKUP(D13, Composer!A:A, Composer!C:C, "-") -> 바로크 | H13: =_xlfn.XLOOKUP(E13, Composer!B:B, Composer!D:D, "-") -> Baroque | I13: 현대악보출판사 | K13: Toccaten | M13: 3 | P13: bach6.jpg
A14: 12 | B14: Mozart Klavier-Werke 1 | D14: Wolfgang Amadeus Mozart | E14: =_xlfn.XLOOKUP(D14, Composer!A:A, Composer!B:B, "-") -> 볼프강 아마데우스 모차르트 | G14: =_xlfn.XLOOKUP(D14, Composer!A:A, Composer!C:C, "-") -> 고전 | H14: =_xlfn.XLOOKUP(E14, Composer!B:B, Composer!D:D, "-") -> Classical | I14: 태림출판사 | K14: Sonate Nr.1-10 | M14: 2
A15: 13 | B15: 모차르트 소나타전집2 | C15: Mozart Klaviersonaten 2 | D15: Wolfgang Amadeus Mozart | E15: =_xlfn.XLOOKUP(D15, Composer!A:A, Composer!B:B, "-") -> 볼프강 아마데우스 모차르트 | G15: =_xlfn.XLOOKUP(D15, Composer!A:A, Composer!C:C, "-") -> 고전 | H15: =_xlfn.XLOOKUP(E15, Composer!B:B, Composer!D:D, "-") -> Classical | I15: 음악춘추사 | K15: Sonate Nr.11-19, Fantasie Nr.4 | M15: 3 | P15: mozart1.jpg
A16: 14 | B16: Haydn Klavier-Werke | D16: Franz Joseph Haydn | E16: =_xlfn.XLOOKUP(D16, Composer!A:A, Composer!B:B, "-") -> 프란츠 요제프 하이든 | G16: =_xlfn.XLOOKUP(D16, Composer!A:A, Composer!C:C, "-") -> 고전 | H16: =_xlfn.XLOOKUP(E16, Composer!B:B, Composer!D:D, "-") -> Classical | I16: 음악춘추사 | K16: Sonatas, Vol.1 | M16: 2 | P16: haydn4.jpg
A17: 15 | B17: Haydn Klavier-Werke | D17: Franz Joseph Haydn | E17: =_xlfn.XLOOKUP(D17, Composer!A:A, Composer!B:B, "-") -> 프란츠 요제프 하이든 | G17: =_xlfn.XLOOKUP(D17, Composer!A:A, Composer!C:C, "-") -> 고전 | H17: =_xlfn.XLOOKUP(E17, Composer!B:B, Composer!D:D, "-") -> Classical | I17: 음악춘추사 | K17: Sonatas, Vol.2 | M17: 2 | P17: haydn3.jpg
A18: 16 | B18: Haydn Klavier-Werke | D18: Franz Joseph Haydn | E18: =_xlfn.XLOOKUP(D18, Composer!A:A, Composer!B:B, "-") -> 프란츠 요제프 하이든 | G18: =_xlfn.XLOOKUP(D18, Composer!A:A, Composer!C:C, "-") -> 고전 | H18: =_xlfn.XLOOKUP(E18, Composer!B:B, Composer!D:D, "-") -> Classical | I18: 음악춘추사 | K18: Sonatas, Vol.3 | M18: 2 | P18: haydn2.jpg
A19: 17 | B19: Haydn Klavier-Werke | D19: Franz Joseph Haydn | E19: =_xlfn.XLOOKUP(D19, Composer!A:A, Composer!B:B, "-") -> 프란츠 요제프 하이든 | G19: =_xlfn.XLOOKUP(D19, Composer!A:A, Composer!C:C, "-") -> 고전 | H19: =_xlfn.XLOOKUP(E19, Composer!B:B, Composer!D:D, "-") -> Classical | I19: 세광음악출판사 | K19: Sonaten, Tema con Variazioni, Andante con Variazioni, Fantasia, Capriccio | M19: 3 | P19: haydn1.jpg
A20: 18 | B20: Haydn Complete Piano Sonatas | C20: Haydn Sämtliche Klaviersonaten Band III | D20: Franz Joseph Haydn | E20: =_xlfn.XLOOKUP(D20, Composer!A:A, Composer!B:B, "-") -> 프란츠 요제프 하이든 | G20: =_xlfn.XLOOKUP(D20, Composer!A:A, Composer!C:C, "-") -> 고전 | H20: =_xlfn.XLOOKUP(E20, Composer!B:B, Composer!D:D, "-") -> Classical | I20: G. Henle Verlag | K20: Volume III | M20: 2 | N20: 문상혁 | Q20: https://m.media-amazon.com/images/I/5101QsDC8PL._AC_UF1000,1000_QL80_.jpg
A21: 19 | B21: Haydn Piano Variations | C21: Haydn Variationen für Klavier | D21: Franz Joseph Haydn | E21: =_xlfn.XLOOKUP(D21, Composer!A:A, Composer!B:B, "-") -> 프란츠 요제프 하이든 | G21: =_xlfn.XLOOKUP(D21, Composer!A:A, Composer!C:C, "-") -> 고전 | H21: =_xlfn.XLOOKUP(E21, Composer!B:B, Composer!D:D, "-") -> Classical | I21: G. Henle Verlag | K21: Piano Variations | M21: 2 | N21: 문상혁
A22: 20 | B22: Haydn 2 | D22: Franz Joseph Haydn | E22: =_xlfn.XLOOKUP(D22, Composer!A:A, Composer!B:B, "-") -> 프란츠 요제프 하이든 | G22: =_xlfn.XLOOKUP(D22, Composer!A:A, Composer!C:C, "-") -> 고전 | H22: =_xlfn.XLOOKUP(E22, Composer!B:B, Composer!D:D, "-") -> Classical | I22: 세광음악출판사 | K22: Sonaten 2 | M22: 3 | P22: haydn5.jpg
A23: 21 | B23: Mozart Piano Sonantas | C23: Mozart Klaviersonaten Band 2 | D23: Wolfgang Amadeus Mozart | E23: =_xlfn.XLOOKUP(D23, Composer!A:A, Composer!B:B, "-") -> 볼프강 아마데우스 모차르트 | G23: =_xlfn.XLOOKUP(D23, Composer!A:A, Composer!C:C, "-") -> 고전 | H23: =_xlfn.XLOOKUP(E23, Composer!B:B, Composer!D:D, "-") -> Classical | I23: G. Henle Verlag | K23: (스프링 제본) Volume II | M23: 3 | N23: 문상혁
A24: 22 | B24: Beethoven Variationene für Klavier | D24: Ludwig van Beethoven | E24: =_xlfn.XLOOKUP(D24, Composer!A:A, Composer!B:B, "-") -> 루트비히 판 베토벤 | G24: =_xlfn.XLOOKUP(D24, Composer!A:A, Composer!C:C, "-") -> 고전 | H24: =_xlfn.XLOOKUP(E24, Composer!B:B, Composer!D:D, "-") -> Classical | I24: G. Henle Verlag | K24: Band II | M24: 2 | N24: 문상혁
A25: 23 | B25: Beethoven Piano Concerto no. 4 in G major | C25: Klavierkonzert Nr.4 G-dur Opus 58 Klavierauszug | D25: Ludwig van Beethoven | E25: =_xlfn.XLOOKUP(D25, Composer!A:A, Composer!B:B, "-") -> 루트비히 판 베토벤 | G25: =_xlfn.XLOOKUP(D25, Composer!A:A, Composer!C:C, "-") -> 고전 | H25: =_xlfn.XLOOKUP(E25, Composer!B:B, Composer!D:D, "-") -> Classical | I25: G. Henle Verlag | K25: op.58, Piano Reduction | M25: 3 | N25: 문상혁
A26: 24 | B26: Beethoven Klavier-Werke 4 | D26: Ludwig van Beethoven | E26: =_xlfn.XLOOKUP(D26, Composer!A:A, Composer!B:B, "-") -> 루트비히 판 베토벤 | G26: =_xlfn.XLOOKUP(D26, Composer!A:A, Composer!C:C, "-") -> 고전 | H26: =_xlfn.XLOOKUP(E26, Composer!B:B, Composer!D:D, "-") -> Classical | I26: 현대음악출판사 | K26: Variationen | M26: 3
A27: 25 | B27: Beethoven Klavier-Werke 5 | D27: Ludwig van Beethoven | E27: =_xlfn.XLOOKUP(D27, Composer!A:A, Composer!B:B, "-") -> 루트비히 판 베토벤 | G27: =_xlfn.XLOOKUP(D27, Composer!A:A, Composer!C:C, "-") -> 고전 | H27: =_xlfn.XLOOKUP(E27, Composer!B:B, Composer!D:D, "-") -> Classical | I27: 태림출판사 | K27: Sieben Bagetelen Op.33 외 | M27: 3
A28: 26 | B28: 베토벤 소나타전집 1 | C28: Beethoven Klaviersonaten 1 | D28: Ludwig van Beethoven | E28: =_xlfn.XLOOKUP(D28, Composer!A:A, Composer!B:B, "-") -> 루트비히 판 베토벤 | G28: =_xlfn.XLOOKUP(D28, Composer!A:A, Composer!C:C, "-") -> 고전 | H28: =_xlfn.XLOOKUP(E28, Composer!B:B, Composer!D:D, "-") -> Classical | I28: 음악춘추사 | K28: Band 1. Sonaten Nr. 1-4 | M28: 3 | P28: beethoven2.jpg
A29: 27 | B29: 베토벤 소나타전집 2 | C29: Beethoven Klaviersonaten 2 | D29: Ludwig van Beethoven | E29: =_xlfn.XLOOKUP(D29, Composer!A:A, Composer!B:B, "-") -> 루트비히 판 베토벤 | G29: =_xlfn.XLOOKUP(D29, Composer!A:A, Composer!C:C, "-") -> 고전 | H29: =_xlfn.XLOOKUP(E29, Composer!B:B, Composer!D:D, "-") -> Classical | I29: 음악춘추사 | K29: Band 2. Sonaten Nr. 5-10 | M29: 3 | P29: beethoven3.jpg
A30: 28 | B30: 베토벤 소나타전집 3 | C30: Beethoven Klaviersonaten 3 | D30: Ludwig van Beethoven | E30: =_xlfn.XLOOKUP(D30, Composer!A:A, Composer!B:B, "-") -> 루트비히 판 베토벤 | G30: =_xlfn.XLOOKUP(D30, Composer!A:A, Composer!C:C, "-") -> 고전 | H30: =_xlfn.XLOOKUP(E30, Composer!B:B, Composer!D:D, "-") -> Classical | I30: 음악춘추사 | K30: Band 3. Sonaten Nr. 11-15 | M30: 3 | P30: beethoven4.jpg
A31: 29 | B31: 베토벤 소나타전집 4 | C31: Beethoven Klaviersonaten 4 | D31: Ludwig van Beethoven | E31: =_xlfn.XLOOKUP(D31, Composer!A:A, Composer!B:B, "-") -> 루트비히 판 베토벤 | G31: =_xlfn.XLOOKUP(D31, Composer!A:A, Composer!C:C, "-") -> 고전 | H31: =_xlfn.XLOOKUP(E31, Composer!B:B, Composer!D:D, "-") -> Classical | I31: 음악춘추사 | K31: Band 4. Sonaten Nr. 16-20 | M31: 3 | P31: beethoven5.jpg
A32: 30 | B32: 베토벤 소나타전집 5 | C32: Beethoven Klaviersonaten 5 | D32: Ludwig van Beethoven | E32: =_xlfn.XLOOKUP(D32, Composer!A:A, Composer!B:B, "-") -> 루트비히 판 베토벤 | G32: =_xlfn.XLOOKUP(D32, Composer!A:A, Composer!C:C, "-") -> 고전 | H32: =_xlfn.XLOOKUP(E32, Composer!B:B, Composer!D:D, "-") -> Classical | I32: 음악춘추사 | K32: Band 5. Sonaten Nr. 21-27 | M32: 3 | P32: beethoven6.jpg
A33: 31 | B33: 베토벤 소나타전집 6 | C33: Beethoven Klaviersonaten 6 | D33: Ludwig van Beethoven | E33: =_xlfn.XLOOKUP(D33, Composer!A:A, Composer!B:B, "-") -> 루트비히 판 베토벤 | G33: =_xlfn.XLOOKUP(D33, Composer!A:A, Composer!C:C, "-") -> 고전 | H33: =_xlfn.XLOOKUP(E33, Composer!B:B, Composer!D:D, "-") -> Classical | I33: 음악춘추사 | K33: Band 6. Sonaten Nr. 28-32 | M33: 3 | P33: beethoven7.jpg
A34: 32 | B34: 클레멘티 소나타집 2 | C34: Clementi Sonaten 2 | D34: Muzio Clementi | E34: =_xlfn.XLOOKUP(D34, Composer!A:A, Composer!B:B, "-") -> 무치오 클레멘티 | G34: =_xlfn.XLOOKUP(D34, Composer!A:A, Composer!C:C, "-") -> 고전 | H34: =_xlfn.XLOOKUP(E34, Composer!B:B, Composer!D:D, "-") -> Classical | I34: 음악춘추사 | K34: Band 4. Sonate 19-24 | M34: 1 | P34: clementi1.jpg
A35: 33 | B35: 클레멘티 소나타집 4 | C35: Clementi Sonaten 4 | D35: Muzio Clementi | E35: =_xlfn.XLOOKUP(D35, Composer!A:A, Composer!B:B, "-") -> 무치오 클레멘티 | G35: =_xlfn.XLOOKUP(D35, Composer!A:A, Composer!C:C, "-") -> 고전 | H35: =_xlfn.XLOOKUP(E35, Composer!B:B, Composer!D:D, "-") -> Classical | I35: 음악춘추사 | K35: Band 4. Sonate 8-12 | M35: 2
A36: 34 | B36: 베토벤 작품집 2 | C36: Beethoven Klavierstücke 2 | D36: Ludwig van Beethoven | E36: =_xlfn.XLOOKUP(D36, Composer!A:A, Composer!B:B, "-") -> 루트비히 판 베토벤 | G36: =_xlfn.XLOOKUP(D36, Composer!A:A, Composer!C:C, "-") -> 고전 | H36: =_xlfn.XLOOKUP(E36, Composer!B:B, Composer!D:D, "-") -> Classical | I36: 음악춘추사 | K36: Werke der Bonner Zeit, Zerke der Früheren Wiener Zeit, Werke der Späteren Wiener Jahre | M36: 3 | P36: beethoven1.jpg
A37: 35 | B37: Beethoven Sonata 1 | D37: Ludwig van Beethoven | E37: =_xlfn.XLOOKUP(D37, Composer!A:A, Composer!B:B, "-") -> 루트비히 판 베토벤 | G37: =_xlfn.XLOOKUP(D37, Composer!A:A, Composer!C:C, "-") -> 고전 | H37: =_xlfn.XLOOKUP(E37, Composer!B:B, Composer!D:D, "-") -> Classical | I37: 정보 없음 | K37: (스프링 제본) | M37: 3
A38: 36 | B38: Schubert Klavier-Werke 1 | D38: Franz Peter Schubert | E38: =_xlfn.XLOOKUP(D38, Composer!A:A, Composer!B:B, "-") -> 프란츠 페터 슈베르트 | G38: =_xlfn.XLOOKUP(D38, Composer!A:A, Composer!C:C, "-") -> 낭만 | H38: =_xlfn.XLOOKUP(E38, Composer!B:B, Composer!D:D, "-") -> Romantic | I38: 현대음악출판사 | K38: Sonaten 1 | L38: 1. Op.42 a-moll / 2. Op.53 D-dur / 3. Op.120 A-dur / 4. Op.122 Es-dur / 5. Op.143 a-moll, 6. Op.147 H-dur | M38: 3 | P38: schubert5.jpg
A39: 37 | B39: 슈베르트 소나타집 1 | C39: Schubert Klaviersonaten 1 | D39: Franz Peter Schubert | E39: =_xlfn.XLOOKUP(D39, Composer!A:A, Composer!B:B, "-") -> 프란츠 페터 슈베르트 | G39: =_xlfn.XLOOKUP(D39, Composer!A:A, Composer!C:C, "-") -> 낭만 | H39: =_xlfn.XLOOKUP(E39, Composer!B:B, Composer!D:D, "-") -> Romantic | I39: 음악춘추사 | K39: Band 1. Sonaten Nr. 1-4 | L39: D.537 / D.568 / D.575 / D.664 | M39: 3 | P39: schubert1.jpg
A40: 38 | B40: 슈베르트 소나타집 2 | C40: Schubert Klaviersonaten 2 | D40: Franz Peter Schubert | E40: =_xlfn.XLOOKUP(D40, Composer!A:A, Composer!B:B, "-") -> 프란츠 페터 슈베르트 | G40: =_xlfn.XLOOKUP(D40, Composer!A:A, Composer!C:C, "-") -> 낭만 | H40: =_xlfn.XLOOKUP(E40, Composer!B:B, Composer!D:D, "-") -> Romantic | I40: 음악춘추사 | K40: Band 2. Sonaten Nr. 4-7 | L40: D.664 / D.784 / D.845 / D.850 | M40: 3 | P40: schubert2.jpg
A41: 39 | B41: 슈베르트 소나타집 3 | C41: Schubert Klaviersonaten 3 | D41: Franz Peter Schubert | E41: =_xlfn.XLOOKUP(D41, Composer!A:A, Composer!B:B, "-") -> 프란츠 페터 슈베르트 | G41: =_xlfn.XLOOKUP(D41, Composer!A:A, Composer!C:C, "-") -> 낭만 | H41: =_xlfn.XLOOKUP(E41, Composer!B:B, Composer!D:D, "-") -> Romantic | I41: 음악춘추사 | K41: Band 3. Sonaten Nr. 10-11 | L41: D.894 / D 958 / D.959 / D.960 | M41: 3 | P41: schubert3.jpg
A42: 40 | B42: 슈베르트 소나타집 4 | C42: Schubert Klaviersonaten 4 | D42: Franz Peter Schubert | E42: =_xlfn.XLOOKUP(D42, Composer!A:A, Composer!B:B, "-") -> 프란츠 페터 슈베르트 | G42: =_xlfn.XLOOKUP(D42, Composer!A:A, Composer!C:C, "-") -> 낭만 | H42: =_xlfn.XLOOKUP(E42, Composer!B:B, Composer!D:D, "-") -> Romantic | I42: 음악춘추사 | K42: Band 4. Frühe und Unvollendete Sonaten | M42: 3 | P42: schubert4.jpg
A43: 41 | B43: 쇼팽 전집 파데레프스키 편 1 | C43: Chopin Complete Works (Editor Paderewski) 1: Preludes | D43: Frédéric François Chopin | E43: =_xlfn.XLOOKUP(D43, Composer!A:A, Composer!B:B, "-") -> 프레데리크 프랑수아 쇼팽 | G43: =_xlfn.XLOOKUP(D43, Composer!A:A, Composer!C:C, "-") -> 낭만 | H43: =_xlfn.XLOOKUP(E43, Composer!B:B, Composer!D:D, "-") -> Romantic | I43: 음악춘추사 | K43: 프렐류드 Preludes | M43: 3 | P43: chopin1.jpg
A44: 42 | B44: 쇼팽 전집 파데레프스키 편 2 | C44: Chopin Complete Works (Editor Paderewski) 2: Studies | D44: Frédéric François Chopin | E44: =_xlfn.XLOOKUP(D44, Composer!A:A, Composer!B:B, "-") -> 프레데리크 프랑수아 쇼팽 | G44: =_xlfn.XLOOKUP(D44, Composer!A:A, Composer!C:C, "-") -> 낭만 | H44: =_xlfn.XLOOKUP(E44, Composer!B:B, Composer!D:D, "-") -> Romantic | I44: 음악춘추사 | K44: 에튀드 Etudes | M44: 3 | P44: chopin2.jpg
A45: 43 | B45: 쇼팽 전집 파데레프스키 편 5 | C45: Chopin Complete Works (Editor Paderewski) 5: Scherzos | D45: Frédéric François Chopin | E45: =_xlfn.XLOOKUP(D45, Composer!A:A, Composer!B:B, "-") -> 프레데리크 프랑수아 쇼팽 | G45: =_xlfn.XLOOKUP(D45, Composer!A:A, Composer!C:C, "-") -> 낭만 | H45: =_xlfn.XLOOKUP(E45, Composer!B:B, Composer!D:D, "-") -> Romantic | I45: 음악춘추사 | K45: 스케르초 Scherzos | M45: 2 | P45: chopin3.jpg
A46: 44 | B46: 쇼팽 전집 파데레프스키 편 9 | C46: Chopin Complete Works (Editor Paderewski) 9 Waltzes | D46: Frédéric François Chopin | E46: =_xlfn.XLOOKUP(D46, Composer!A:A, Composer!B:B, "-") -> 프레데리크 프랑수아 쇼팽 | G46: =_xlfn.XLOOKUP(D46, Composer!A:A, Composer!C:C, "-") -> 낭만 | H46: =_xlfn.XLOOKUP(E46, Composer!B:B, Composer!D:D, "-") -> Romantic | I46: 음악춘추사 | K46: 왈츠 Waltzes | M46: 3 | P46: chopin4.jpg
A47: 45 | B47: 쇼팽 전집 파데레프스키 편 10 | C47: Chopin Complete Works (Editor Paderewski) 5: Mazurkas | D47: Frédéric François Chopin | E47: =_xlfn.XLOOKUP(D47, Composer!A:A, Composer!B:B, "-") -> 프레데리크 프랑수아 쇼팽 | G47: =_xlfn.XLOOKUP(D47, Composer!A:A, Composer!C:C, "-") -> 낭만 | H47: =_xlfn.XLOOKUP(E47, Composer!B:B, Composer!D:D, "-") -> Romantic | I47: 음악춘추사 | K47: 마주르카 Mazurkas | M47: 3 | P47: chopin5.jpg
A48: 46 | B48: 쇼팽 전집 파데레프스키 편 11 | C48: Chopin Complete Works (Editor Paderewski) 11: Fantasia, Berceuse, Barcarolle | D48: Frédéric François Chopin | E48: =_xlfn.XLOOKUP(D48, Composer!A:A, Composer!B:B, "-") -> 프레데리크 프랑수아 쇼팽 | G48: =_xlfn.XLOOKUP(D48, Composer!A:A, Composer!C:C, "-") -> 낭만 | H48: =_xlfn.XLOOKUP(E48, Composer!B:B, Composer!D:D, "-") -> Romantic | I48: 음악춘추사 | K48: 환상곡, 뱃노래, 자장가 Fantasia, Berceuse, Barcarolle | M48: 3 | P48: chopin6.jpg
A49: 47 | B49: 쇼팽 전집 파데레프스키 편 14-a | C49: Chopin Complete Works (Editor Paderewski) 14-a Concertos | D49: Frédéric François Chopin | E49: =_xlfn.XLOOKUP(D49, Composer!A:A, Composer!B:B, "-") -> 프레데리크 프랑수아 쇼팽 | G49: =_xlfn.XLOOKUP(D49, Composer!A:A, Composer!C:C, "-") -> 낭만 | H49: =_xlfn.XLOOKUP(E49, Composer!B:B, Composer!D:D, "-") -> Romantic | I49: 음악춘추사 | K49: 콘체르토 Concertos, Piano Arrangement | M49: 3 | P49: chopin7.jpg
A50: 48 | B50: 쇼팽 전집 파데레프스키 편 18 | C50: Chopin Complete Works (Editor Paderewski) 18: Minor Works | D50: Frédéric François Chopin | E50: =_xlfn.XLOOKUP(D50, Composer!A:A, Composer!B:B, "-") -> 프레데리크 프랑수아 쇼팽 | G50: =_xlfn.XLOOKUP(D50, Composer!A:A, Composer!C:C, "-") -> 낭만 | H50: =_xlfn.XLOOKUP(E50, Composer!B:B, Composer!D:D, "-") -> Romantic | I50: 음악춘추사 | K50: 피아노 소품집 Minor works | M50: 3 | P50: chopin8.jpg
A51: 49 | B51: Studies after Frederic Chopin | D51: Frédéric François Chopin | E51: =_xlfn.XLOOKUP(D51, Composer!A:A, Composer!B:B, "-") -> 프레데리크 프랑수아 쇼팽 | G51: =_xlfn.XLOOKUP(D51, Composer!A:A, Composer!C:C, "-") -> 낭만 | H51: =_xlfn.XLOOKUP(E51, Composer!B:B, Composer!D:D, "-") -> Romantic | I51: 정보 없음 | K51: (스프링 제본) 53 pieces by Leopold Godowsky | M51: 3 | P51: chopin9.jpg
A52: 50 | B52: 쇼팽집 1 | C52: Chopin Piano-Œuvres 1 | D52: Frédéric François Chopin | E52: =_xlfn.XLOOKUP(D52, Composer!A:A, Composer!B:B, "-") -> 프레데리크 프랑수아 쇼팽 | G52: =_xlfn.XLOOKUP(D52, Composer!A:A, Composer!C:C, "-") -> 낭만 | H52: =_xlfn.XLOOKUP(E52, Composer!B:B, Composer!D:D, "-") -> Romantic | I52: 태림스코어 | K52: Sonate 2, 3, Ballades 1-4, Impromptus 1~4 | M52: 2 | Q52: https://contents.kyobobook.co.kr/sih/fit-in/200x0/pdt/9791157801732.jpg
A53: 51 | B53: 쇼팽집 2 | C53: Chopin Piano-Œuvres 2 | D53: Frédéric François Chopin | E53: =_xlfn.XLOOKUP(D53, Composer!A:A, Composer!B:B, "-") -> 프레데리크 프랑수아 쇼팽 | G53: =_xlfn.XLOOKUP(D53, Composer!A:A, Composer!C:C, "-") -> 낭만 | H53: =_xlfn.XLOOKUP(E53, Composer!B:B, Composer!D:D, "-") -> Romantic | I53: 태림스코어 | K53: Fantasie, Scherzos, Nocturnes | M53: 3 | Q53: https://contents.kyobobook.co.kr/sih/fit-in/200x0/pdt/9791157801411.jpg
A54: 52 | B54: 쇼팽집 3 | C54: Chopin Piano-Œuvres 3 | D54: Frédéric François Chopin | E54: =_xlfn.XLOOKUP(D54, Composer!A:A, Composer!B:B, "-") -> 프레데리크 프랑수아 쇼팽 | G54: =_xlfn.XLOOKUP(D54, Composer!A:A, Composer!C:C, "-") -> 낭만 | H54: =_xlfn.XLOOKUP(E54, Composer!B:B, Composer!D:D, "-") -> Romantic | I54: 태림스코어 | K54: Valses, Mazurkas | M54: 2 | Q54: https://contents.kyobobook.co.kr/sih/fit-in/200x0/pdt/9791157801299.jpg
A55: 53 | B55: 쇼팽집 4 | C55: Chopin Piano-Œuvres 4 | D55: Frédéric François Chopin | E55: =_xlfn.XLOOKUP(D55, Composer!A:A, Composer!B:B, "-") -> 프레데리크 프랑수아 쇼팽 | G55: =_xlfn.XLOOKUP(D55, Composer!A:A, Composer!C:C, "-") -> 낭만 | H55: =_xlfn.XLOOKUP(E55, Composer!B:B, Composer!D:D, "-") -> Romantic | I55: 태림스코어 | K55: 24 Préludes, Prélude Op.45, 12 Études Op.10, 12 Études Op.25, Trois Nouvelles Études | M55: 3 | Q55: https://contents.kyobobook.co.kr/sih/fit-in/200x0/pdt/9791157801305.jpg
A56: 54 | B56: 쇼팽집 5 | C56: Chopin Piano-Œuvres 5 | D56: Frédéric François Chopin | E56: =_xlfn.XLOOKUP(D56, Composer!A:A, Composer!B:B, "-") -> 프레데리크 프랑수아 쇼팽 | G56: =_xlfn.XLOOKUP(D56, Composer!A:A, Composer!C:C, "-") -> 낭만 | H56: =_xlfn.XLOOKUP(E56, Composer!B:B, Composer!D:D, "-") -> Romantic | I56: 태림스코어 | K56: Polonaisen | M56: 3 | Q56: https://contents.kyobobook.co.kr/sih/fit-in/200x0/pdt/9791157802227.jpg
A57: 55 | B57: 쇼팽집 6 | C57: Chopin Piano-Œuvres 6 | D57: Frédéric François Chopin | E57: =_xlfn.XLOOKUP(D57, Composer!A:A, Composer!B:B, "-") -> 프레데리크 프랑수아 쇼팽 | G57: =_xlfn.XLOOKUP(D57, Composer!A:A, Composer!C:C, "-") -> 낭만 | H57: =_xlfn.XLOOKUP(E57, Composer!B:B, Composer!D:D, "-") -> Romantic | I57: 태림스코어 | K57: Rondeau, Rondeau à la mazur, Rondeau, Variations Brillantes, Variations, Bolero, Tarentelle, Allegro de concert, Berceuse, Barcarolle, Marche Funèbre, Trois ecossaises | L57: Op.1 / Op.5 / Op.16 / Op.12 / Op.posth. / Op.19 / Op.43 / Op.46 / Op.57 / Op.60 / Op.72, No.2 / Op.72, No.3 | M57: 2 | Q57: https://contents.kyobobook.co.kr/sih/fit-in/200x0/pdt/9791157802449.jpg
A58: 56 | B58: 쇼팽 전집 파데레프스키 편 7 | C58: Chopin Complete Works (Editor Paderewski) 7: Nocturnes | D58: Frédéric François Chopin | E58: =_xlfn.XLOOKUP(D58, Composer!A:A, Composer!B:B, "-") -> 프레데리크 프랑수아 쇼팽 | G58: =_xlfn.XLOOKUP(D58, Composer!A:A, Composer!C:C, "-") -> 낭만 | H58: =_xlfn.XLOOKUP(E58, Composer!B:B, Composer!D:D, "-") -> Romantic | I58: 태림스코어 | K58: (스프링 제본) 녹턴 Nocturnes | M58: 3
A59: 57 | B59: 쇼팽 폴로네즈집 | C59: Chopin Polonaisen | D59: Frédéric François Chopin | E59: =_xlfn.XLOOKUP(D59, Composer!A:A, Composer!B:B, "-") -> 프레데리크 프랑수아 쇼팽 | G59: =_xlfn.XLOOKUP(D59, Composer!A:A, Composer!C:C, "-") -> 낭만 | H59: =_xlfn.XLOOKUP(E59, Composer!B:B, Composer!D:D, "-") -> Romantic | I59: 음악춘추사 | K59: (스프링 제본) Polonaisen | M59: 3 | P59: chopin10.jpg
A60: 58 | B60: 알프레드 코르토에 의한 쇼팽 연습곡과 피아노 기교 | C60: Chopin's 24 Piano Studies | D60: Frédéric François Chopin | E60: =_xlfn.XLOOKUP(D60, Composer!A:A, Composer!B:B, "-") -> 프레데리크 프랑수아 쇼팽 | F60: Alfred Cortot | G60: =_xlfn.XLOOKUP(D60, Composer!A:A, Composer!C:C, "-") -> 낭만 | H60: =_xlfn.XLOOKUP(E60, Composer!B:B, Composer!D:D, "-") -> Romantic | I60: 음악춘추사 | K60: 에튀드 Etudes | M60: 3 | P60: chopin11.jpg
A61: 59 | B61: 슈만 피아노곡집 3 | C61: Schumann Klavierwerke 3 | D61: Robert Schumann | E61: =_xlfn.XLOOKUP(D61, Composer!A:A, Composer!B:B, "-") -> 로베르트 슈만 | G61: =_xlfn.XLOOKUP(D61, Composer!A:A, Composer!C:C, "-") -> 낭만 | H61: =_xlfn.XLOOKUP(E61, Composer!B:B, Composer!D:D, "-") -> Romantic | I61: 음악춘추사 | K61: Grosse Sonate Nr.3 Op.14 / Kinderszenen Op.15 / Kreisleriana Op.16 / Phantasie Op.17 | M61: 3 | N61: 서문덕 | P61: schumann1.jpg
A62: 60 | B62: 슈만 작품집 4 | C62: Schumann Klavierwerke 4 | D62: Robert Schumann | E62: =_xlfn.XLOOKUP(D62, Composer!A:A, Composer!B:B, "-") -> 로베르트 슈만 | G62: =_xlfn.XLOOKUP(D62, Composer!A:A, Composer!C:C, "-") -> 낭만 | H62: =_xlfn.XLOOKUP(E62, Composer!B:B, Composer!D:D, "-") -> Romantic | I62: 음악춘추사 | K62: Nachtstücke Op.23 1-4 / Drei Romanzen Op.1-3 / Waldszenen Op.82 / Drei Fantasiestüke Op.111 1-3 | M62: 3 | P62: schumann2.jpg
A63: 61 | B63: 슈만 2 | C63: Schumann Klavier-werke 2 | D63: Robert Schumann | E63: =_xlfn.XLOOKUP(D63, Composer!A:A, Composer!B:B, "-") -> 로베르트 슈만 | G63: =_xlfn.XLOOKUP(D63, Composer!A:A, Composer!C:C, "-") -> 낭만 | H63: =_xlfn.XLOOKUP(E63, Composer!B:B, Composer!D:D, "-") -> Romantic | I63: 현대음악출판사 | K63: 나비 Papillons Op.2 / 다윗 동맹 무곡집 Davidsbundlertänze Op.6 / 사육제 Carnaval Op.9 / 어린이의 정경 Kinderszenen Op.15 / 크라이슬레리아나 Kreisleriana Op.16 / 비인 사육제의 어릿광대 Faschingsschwank Aus Wien Op.26 | M63: 3 | P63: schumann3.jpg
A64: 62 | B64: 슈만집 3 | C64: Schumann Klavier-werke 3 | D64: Robert Schumann | E64: =_xlfn.XLOOKUP(D64, Composer!A:A, Composer!B:B, "-") -> 로베르트 슈만 | G64: =_xlfn.XLOOKUP(D64, Composer!A:A, Composer!C:C, "-") -> 낭만 | H64: =_xlfn.XLOOKUP(E64, Composer!B:B, Composer!D:D, "-") -> Romantic | I64: 태림스코어 | K64: 아베크 변주곡 Abegg-Variationen / 토카타 Tocatta / 알레그로 Allegro / 변주곡 형식에 의한 교향적 연습곡 Symphonische Etüden / 아라베스크 In Form Von Variationen Arabeske / 꽃노래 Blumenstück / 노벨레테 Novelletten | L64: Op.1 / Op.7 / Op.8 / Op.13 / Op.18 / Op.19 / Op.21 | M64: 3 | Q64: https://contents.kyobobook.co.kr/sih/fit-in/200x0/pdt/9791157803101.jpg
A65: 63 | B65: 슈만집 4 | C65: Schumann Klavier-werke 4 | D65: Robert Schumann | E65: =_xlfn.XLOOKUP(D65, Composer!A:A, Composer!B:B, "-") -> 로베르트 슈만 | G65: =_xlfn.XLOOKUP(D65, Composer!A:A, Composer!C:C, "-") -> 낭만 | H65: =_xlfn.XLOOKUP(E65, Composer!B:B, Composer!D:D, "-") -> Romantic | I65: 태림출판사 | K65: Fantasiestücke Op.12 / Fantasie Op.17 / Humoreske Op.20 / Nachtstücke Op.23 / Drei Romanzen Op.28 / Waldszenen Op.82 | M65: 2
A66: 64 | B66: 슈만집 5 | C66: Schumann Klavier-werke 5 | D66: Robert Schumann | E66: =_xlfn.XLOOKUP(D66, Composer!A:A, Composer!B:B, "-") -> 로베르트 슈만 | G66: =_xlfn.XLOOKUP(D66, Composer!A:A, Composer!C:C, "-") -> 낭만 | H66: =_xlfn.XLOOKUP(E66, Composer!B:B, Composer!D:D, "-") -> Romantic | I66: 태림출판사 | K66: Album für die Jugend Op.68 / Bunte Blätter Op.99 / Albumblätter Op.124 | M66: 3 | P66: schumann4.jpg
A67: 65 | B67: Schumann 5 | D67: Robert Schumann | E67: =_xlfn.XLOOKUP(D67, Composer!A:A, Composer!B:B, "-") -> 로베르트 슈만 | G67: =_xlfn.XLOOKUP(D67, Composer!A:A, Composer!C:C, "-") -> 낭만 | H67: =_xlfn.XLOOKUP(E67, Composer!B:B, Composer!D:D, "-") -> Romantic | I67: 세광음악출판사 | K67: Papillons Op.2 / Arabeske Op.18 / Album für die Jugend Op.68 / Waldszenen Op.82 | M67: 3 | N67: 임희준 | P67: schumann5.jpg
A68: 66 | B68: 슈만 피아노곡집 5 | C68: Schumann Klavierwerke 5 | D68: Robert Schumann | E68: =_xlfn.XLOOKUP(D68, Composer!A:A, Composer!B:B, "-") -> 로베르트 슈만 | G68: =_xlfn.XLOOKUP(D68, Composer!A:A, Composer!C:C, "-") -> 낭만 | H68: =_xlfn.XLOOKUP(E68, Composer!B:B, Composer!D:D, "-") -> Romantic | I68: 음악춘추사 | K68: Papillons Op.2 / Paganini-Studien Op.3 / Intermezzi Op.4 / Davidsbundlertanze 1, 2, Ausgabe Op.6 / Carnaval Op.9 | M68: 3 | P68: schumann6.jpg
A69: 67 | B69: 슈만 피아노곡집 7 | C69: Schumann Klavierwerke 7 | D69: Robert Schumann | E69: =_xlfn.XLOOKUP(D69, Composer!A:A, Composer!B:B, "-") -> 로베르트 슈만 | G69: =_xlfn.XLOOKUP(D69, Composer!A:A, Composer!C:C, "-") -> 낭만 | H69: =_xlfn.XLOOKUP(E69, Composer!B:B, Composer!D:D, "-") -> Romantic | I69: 음악춘추사 | K69: Bunte Blatter Op.99 / Drei Phantasiestücke Op.111 / Drei Klavier-Sonaten / Für die Jugend Op.118 / Albumblätter Op.124 / Sieben Stücke im Fughettenform Op.126 / Gesänge der Frühe Op.133 | M69: 3 | P69: schumann7.jpg
A70: 68 | B70: 멘델스존 2 | C70: Mendelssohn Klavier-werke 2 | D70: Felix Menselssohn | E70: =_xlfn.XLOOKUP(D70, Composer!A:A, Composer!B:B, "-") -> 펠릭스 멘델스존 | G70: =_xlfn.XLOOKUP(D70, Composer!A:A, Composer!C:C, "-") -> 낭만 | H70: =_xlfn.XLOOKUP(E70, Composer!B:B, Composer!D:D, "-") -> Romantic | I70: 현대음악출판사 | K70: 무언가 Lieder Ohne Worte Op.19, 30, 38, 53, 62, 67, 85, 102 | M70: 3 | P70: mendelssohn1.jpg
A71: 69 | B71: 슈베르트 3 | C71: Schubert Klavier-werke 3 | D71: Franz Peter Schubert | E71: =_xlfn.XLOOKUP(D71, Composer!A:A, Composer!B:B, "-") -> 프란츠 페터 슈베르트 | G71: =_xlfn.XLOOKUP(D71, Composer!A:A, Composer!C:C, "-") -> 낭만 | H71: =_xlfn.XLOOKUP(E71, Composer!B:B, Composer!D:D, "-") -> Romantic | I71: 현대음악출판사 | K71: 방랑인 주제에 의한 환상곡 Wanderer-Fantasie Op.15 / 즉흥곡 Impromptus Op.90, 142 / 악흥의 한 때 Moments Musicaux Op.94 | M71: 2 | P71: schubert7.jpg
A72: 70 | B72: 슈베르트 2 | C72: Schubert Klavier-werke 2 | D72: Franz Peter Schubert | E72: =_xlfn.XLOOKUP(D72, Composer!A:A, Composer!B:B, "-") -> 프란츠 페터 슈베르트 | G72: =_xlfn.XLOOKUP(D72, Composer!A:A, Composer!C:C, "-") -> 낭만 | H72: =_xlfn.XLOOKUP(E72, Composer!B:B, Composer!D:D, "-") -> Romantic | I72: 현대음악출판사 | K72: 소나타 Sonaten | L72: Op. 164 / Op.posth. c-moll / Op.posth. A-dur / Op.posth. B-dur / Op.78 | M72: 3 | P72: schubert6.jpg
A73: 71 | B73: Schumann Piano Concerto A minor | D73: Robert Schumann | E73: =_xlfn.XLOOKUP(D73, Composer!A:A, Composer!B:B, "-") -> 로베르트 슈만 | G73: =_xlfn.XLOOKUP(D73, Composer!A:A, Composer!C:C, "-") -> 낭만 | H73: =_xlfn.XLOOKUP(E73, Composer!B:B, Composer!D:D, "-") -> Romantic | I73: 태림출판사 | K73: 피아노 협주곡 Piano Concerto A minor | L73: Op.54 | M73: 3 | P73: schumann9.jpg
A74: 72 | B74: Schumann Papillons | D74: Robert Schumann | E74: =_xlfn.XLOOKUP(D74, Composer!A:A, Composer!B:B, "-") -> 로베르트 슈만 | G74: =_xlfn.XLOOKUP(D74, Composer!A:A, Composer!C:C, "-") -> 낭만 | H74: =_xlfn.XLOOKUP(E74, Composer!B:B, Composer!D:D, "-") -> Romantic | I74: G. Henle Verlag | K74: 나비 Papillons Op.2 | M74: 1
A75: 73 | B75: Rob.Schumann's Werke | D75: Robert Schumann | E75: =_xlfn.XLOOKUP(D75, Composer!A:A, Composer!B:B, "-") -> 로베르트 슈만 | G75: =_xlfn.XLOOKUP(D75, Composer!A:A, Composer!C:C, "-") -> 낭만 | H75: =_xlfn.XLOOKUP(E75, Composer!B:B, Composer!D:D, "-") -> Romantic | I75: 정보 없음 | K75: (스프링 제본) 슈만 피아노 사중주 Quartet für Pianoforte, Violine, Viola und Violoncell | L75: Op.47 | M75: 3 | P75: schumann8.jpg
A76: 74 | B76: Mozart Sonata for two Pianos | D76: Wolfgang Amadeus Mozart | E76: =_xlfn.XLOOKUP(D76, Composer!A:A, Composer!B:B, "-") -> 볼프강 아마데우스 모차르트 | G76: =_xlfn.XLOOKUP(D76, Composer!A:A, Composer!C:C, "-") -> 고전 | H76: =_xlfn.XLOOKUP(E76, Composer!B:B, Composer!D:D, "-") -> Classical | I76: 정보 없음 | K76: (스프링 제본) 모차르트 두 대의 피아노를 위한 소나타 | M76: 2
A77: 75 | B77: 4개의 손을 위한 3개의 피아노곡 | C77: Drei stücke für Pianoforte zu 4 Händen | D77: Moritz Moszkowski | E77: =_xlfn.XLOOKUP(D77, Composer!A:A, Composer!B:B, "-") -> 모리츠 모슈코프스키 | G77: =_xlfn.XLOOKUP(D77, Composer!A:A, Composer!C:C, "-") -> 낭만 | H77: =_xlfn.XLOOKUP(E77, Composer!B:B, Composer!D:D, "-") -> Romantic | I77: 정보 없음 | K77: (스프링 제본) Drei Stücke für das Pianoforte zu vier Händen | L77: Op.11 | M77: 3 | P77: moszkowski1.jpg
A78: 76 | B78: 차이콥스키집 | C78: Tschaikowsky Klavier-Werke | D78: Pyotr Ilyich Tchaikovsky | E78: =_xlfn.XLOOKUP(D78, Composer!A:A, Composer!B:B, "-") -> 표트르 일리치 차이콥스키 | G78: =_xlfn.XLOOKUP(D78, Composer!A:A, Composer!C:C, "-") -> 낭만 | H78: =_xlfn.XLOOKUP(E78, Composer!B:B, Composer!D:D, "-") -> Romantic | I78: 태림스코어 | K78: 소나타 Sonate Op.37 / 사계 Die Jahreszeiten Op.37a / 무언가 Chant Sans Paroles Op.2 No.3 / 로망스 Romance Op.5 / 유모레스크 Humoresque Op.10 No.2 / 야상곡 Nocturne Op.19 No.4 / 주제와 변주곡 Thême Et Variations Op.19 No.6 / 슬픈 노래 Chanson Tristes Op.40 No.2 / 무언가 Chant Sans Paroles Op.40 No.6 / 나타-왈츠 Natha-Valse Op.51 No.4 / 로망스 Romance Op.51 No.5 / 둠카 Dumka Op.59 / 자장가 Berceuse Op.16 No.1 | M78: 3 | P78: tschai2.jpg
A79: 77 | B79: Liszt Zwei Konzertetüden | D79: Franz Liszt | E79: =_xlfn.XLOOKUP(D79, Composer!A:A, Composer!B:B, "-") -> 프란츠 리스트 | G79: =_xlfn.XLOOKUP(D79, Composer!A:A, Composer!C:C, "-") -> 낭만 | H79: =_xlfn.XLOOKUP(E79, Composer!B:B, Composer!D:D, "-") -> Romantic | I79: G. Henle Verlag | K79: Zwei Kondertetüden Waldesraschen, Gnomenreigen | M79: 2 | N79: 문상혁
A80: 78 | B80: Liszt Competition - Quarter Final | D80: Franz Liszt | E80: =_xlfn.XLOOKUP(D80, Composer!A:A, Composer!B:B, "-") -> 프란츠 리스트 | G80: =_xlfn.XLOOKUP(D80, Composer!A:A, Composer!C:C, "-") -> 낭만 | H80: =_xlfn.XLOOKUP(E80, Composer!B:B, Composer!D:D, "-") -> Romantic | I80: 정보 없음 | K80: (스프링 제본) Années de pèlerinage, Première année: Suisse S.160 No.1, 4, 5 / Romance S.169 / Années de pèlerinage, Deuxième année: Italie 7. Après une lecture du Dante: Fantasia quasi Sonata S.161 No.7 | M80: 3 | P80: liszt2.jpg
A81: 79 | B81: 브람스 1 | C81: Brahms Klavier-Werke 1 | D81: Johannes Brahms | E81: =_xlfn.XLOOKUP(D81, Composer!A:A, Composer!B:B, "-") -> 요하네스 브람스 | G81: =_xlfn.XLOOKUP(D81, Composer!A:A, Composer!C:C, "-") -> 낭만 | H81: =_xlfn.XLOOKUP(E81, Composer!B:B, Composer!D:D, "-") -> Romantic | I81: 현대음악출판사 | K81: 소나타 Sonaten 1, 2, 3 / 변주곡 Variationen Über ein Thema von R.Schumann Op.9 / Über ein Eigenes Thema Op.21 No.1 / Über ein Ungarisches Lied Op.21 No.2 / Variationen und Fuge über ein Thema von Händel Op.24 / Über ein Thema von Paganini Op.35 | M81: 3
A82: 80 | B82: 브람스 2 | C82: Brahms Klavier-Werke 2 | D82: Johannes Brahms | E82: =_xlfn.XLOOKUP(D82, Composer!A:A, Composer!B:B, "-") -> 요하네스 브람스 | G82: =_xlfn.XLOOKUP(D82, Composer!A:A, Composer!C:C, "-") -> 낭만 | H82: =_xlfn.XLOOKUP(E82, Composer!B:B, Composer!D:D, "-") -> Romantic | I82: 현대음악출판사 | K82: 스케르초 Scherzo Op.4 / 발라드 Balladen Op.10 / 왈츠 Walzer Op.39 / 피아노 소곡집 Klavierstücke Op.76, 118, 119 / 2개의 광시곡 Zwei Rhapsodien Op.79 / 환상곡 Fantasien Op.116 / 간주곡 Intermezzi Op.117 | M82: 2
A83: 81 | B83: J. Strauss Klavier-Werke | D83: Johann Strauss II | E83: =_xlfn.XLOOKUP(D83, Composer!A:A, Composer!B:B, "-") -> 요한 슈트라우스 2세 | G83: =_xlfn.XLOOKUP(D83, Composer!A:A, Composer!C:C, "-") -> 낭만 | H83: =_xlfn.XLOOKUP(E83, Composer!B:B, Composer!D:D, "-") -> Romantic | I83: 세광음악출판사 | K83: 왈츠 Waltzes Kaiser-Walzer Op.437 / Frühlingsstimmen Op.410 / An der schönen blauen Donau Op. 314 / Künstlerleben Op.316 / Geschichten aus dem Wienerwald Op.325 / Wein, Weib und Gesang Op.333 / Tausend und eine Nacht Op.346 / Wiener Blut Op.354 / O schöner Mai Op.375 / Rosen aus dem Süden Op.388 / Kuss-Walzer Op.400 / Morgenblätter Op.279 / 폴카 Polkas Pizzicato Polka / Czech Polka / Annen Polka / Thunder and Lightning Polka / Tritsch-Tratsch Polka | M83: 3
A84: 82 | B84: 리스트 작품집 2 | C84: Liszt Klavierwerke 2 | D84: Franz Liszt | E84: =_xlfn.XLOOKUP(D84, Composer!A:A, Composer!B:B, "-") -> 프란츠 리스트 | G84: =_xlfn.XLOOKUP(D84, Composer!A:A, Composer!C:C, "-") -> 낭만 | H84: =_xlfn.XLOOKUP(E84, Composer!B:B, Composer!D:D, "-") -> Romantic | I84: 음악춘추사 | K84: (스프링 제본) 잊어버린 왈츠 Première Valse oubliée / 반음계적 대 갈롭 Grand Galop chromatique / 위로 6개의 피아노곡 Consolations / 두개의 전설 Deux Légendes / 소나타 나단조 Sonate | M84: 3 | P84: liszt1.jpg
A85: 83 | B85: 리스트 작품집 1 | C85: Liszt Klavierwerke 1 | D85: Franz Liszt | E85: =_xlfn.XLOOKUP(D85, Composer!A:A, Composer!B:B, "-") -> 프란츠 리스트 | G85: =_xlfn.XLOOKUP(D85, Composer!A:A, Composer!C:C, "-") -> 낭만 | H85: =_xlfn.XLOOKUP(E85, Composer!B:B, Composer!D:D, "-") -> Romantic | I85: 음악춘추사 | K85: 폴로네즈 Polonaise I, II / 발라드 Ballade I, II / 제1 메피스트 왈츠 Mephisto-Walzer I / 즉흥적 왈츠 Valse-Impromptu | M85: 3 | P85: liszt4.jpg
A86: 84 | B86: 리스트 소품집 1 | C86: Liszt Einzelne Charakterstücke 1 | D86: Franz Liszt | E86: =_xlfn.XLOOKUP(D86, Composer!A:A, Composer!B:B, "-") -> 프란츠 리스트 | G86: =_xlfn.XLOOKUP(D86, Composer!A:A, Composer!C:C, "-") -> 낭만 | H86: =_xlfn.XLOOKUP(E86, Composer!B:B, Composer!D:D, "-") -> Romantic | I86: 음악춘추사 | K86: 화려한 알레그로 Allegro di bravura / 알렐루야 Alleluja / 아베 마리아(리벨트와 시타르크 대 피아노를 위한) Ave Maria (für die große Klavierschule von Lebert und Stark) / 자장가(개정판) Berceuse (2. Fassung - 2nd version) / 프러시아의 루이 - 페르난도공의 모티브에 의한 비가 Élégie sur des motifs du Prince Louis Ferdinand de Prusse / 프렐류드 Festvorspiel - Prélude / 피아노 소곡 F# 장조 Klavierstück Fis-dur - Piano Piece in F sharp major / 밤 La Notte / 죽은 자 Les morts - Die Toten / 로만스 Romance / 화려한 론도 Rondo di bravura / 영광을 찬미하며 Slavimo slavno slaveni! / 베토벤 첫 칸타타에 의한 70마디 테마 70 Takte nach Motiven aus der ersten Beethoven-Kantate - 70 Bars on Themes from the First Beethoven Cantata | M86: 3 | P86: liszt5.jpg
A87: 85 | B87: 리스트 작품집 1 | C87: Liszt Einzelne Charakterstücke 1 | D87: Franz Liszt | E87: =_xlfn.XLOOKUP(D87, Composer!A:A, Composer!B:B, "-") -> 프란츠 리스트 | G87: =_xlfn.XLOOKUP(D87, Composer!A:A, Composer!C:C, "-") -> 낭만 | H87: =_xlfn.XLOOKUP(E87, Composer!B:B, Composer!D:D, "-") -> Romantic | I87: 음악춘추사 | K87: 리하르트 바그너의 무덤에서 Am grabe Richard Wagners / 아베 마리아(교회 합창 찬송가를 위한) Ave Maria (aus den neun Kirchenchorgesängen) / 아베 마리아 Ave Maria (R.194; G.545) / 카루젤의 여인 Carrousel de Madame Pelet-Narbonne / 슬픈 콘도라 1 Die Trauer-Gondel Nr.1 - La lugubre gondola No.1 / 슬픈 콘도라 2 Die Trauer-Gondel Nr.2 - La lugubre gondola No.2 / 꿈속에 En rêve / 결혼행진곡 Epithalam / 즉흥곡 Impromptu / 주 예수 부활 축제에 In festo transfigurationis Domini / 명상 Recueillement / 단념 Resignazione / 잊어버린 낭만 Romance oubliée - Vergessene Romanze / 베네치아의 리하르트 바그너 R. W. - Venezia / 성 도로시아 Sancta Dorothea / 잠 이룰 수 없는 밤 Schlaflos! / 슬픔에 찬 성모여 Stabat mater / 토카나 Toccata / 장송행진곡 Trauervorspiel und Trauermarsch / 검은 구름 Trübe Wolken - Nuages gris / 음악의 초상 Un portrait en musique / 불운 Unstern! - Sinistre / 교황의 축복 Urbi et orbi / 깃발을 앞세우고 Vexilla regis prodeunt / 자장가 Wiegenlied - Chant du berceau | M87: 3 | P87: liszt6.jpg
A88: 86 | B88: Liszt IV | D88: Franz Liszt | E88: =_xlfn.XLOOKUP(D88, Composer!A:A, Composer!B:B, "-") -> 프란츠 리스트 | G88: =_xlfn.XLOOKUP(D88, Composer!A:A, Composer!C:C, "-") -> 낭만 | H88: =_xlfn.XLOOKUP(E88, Composer!B:B, Composer!D:D, "-") -> Romantic | I88: Shunjusha Edition | K88: Ungarische Rhapsodien / Rhapsodie espagnole | M88: 3 | P88: liszt3.jpg
A89: 87 | B89: 리스트집 2 | C89: Liszt Klavier-Werke 2 | D89: Franz Liszt | E89: =_xlfn.XLOOKUP(D89, Composer!A:A, Composer!B:B, "-") -> 프란츠 리스트 | G89: =_xlfn.XLOOKUP(D89, Composer!A:A, Composer!C:C, "-") -> 낭만 | H89: =_xlfn.XLOOKUP(E89, Composer!B:B, Composer!D:D, "-") -> Romantic | I89: 태림스코어 | K89: 사랑의 꿈 Liebesträume / 시적이며 종교적인 선율 Harmonies Poétiques et Religieuses No.7, 10 / 순례의 연보 제1년 (스위스) Années de Pèlerinage (1ère Année) / 순례의 연보 제2년 (이탈리아) Années de Pèlerinage (2e Année) / 베네치아와 나폴리 - 순례의 연보 제2년의 보유 Venezia e Napoli (Supplément aux Années de Pèlerinage, 2e Année) / 순례의 연보 제3년 (이탈리아) Années de Pèlerinage (3e Année) | M89: 3 | Q89: https://contents.kyobobook.co.kr/sih/fit-in/458x0/pdt/9791157802128.jpg
A90: 88 | B90: 리스트집 3 | C90: Liszt Klavier-Werke 3 | D90: Franz Liszt | E90: =_xlfn.XLOOKUP(D90, Composer!A:A, Composer!B:B, "-") -> 프란츠 리스트 | G90: =_xlfn.XLOOKUP(D90, Composer!A:A, Composer!C:C, "-") -> 낭만 | H90: =_xlfn.XLOOKUP(E90, Composer!B:B, Composer!D:D, "-") -> Romantic | I90: 태림스코어 | K90: 초절기교 연습곡 Etudes D'exècution Transcendante / 파가니니에 의한 연습곡 Paganini-Etüden / 3개의 연주회용 연습곡 Trois Etudes De Concert / 2개의 연주회용 연습곡 Zwei Konzert-Etüden | M90: 3 | Q90: https://contents.kyobobook.co.kr/sih/fit-in/200x0/pdt/9791157801428.jpg
A91: 89 | B91: 리스트집 1 | C91: Liszt Klavier-Werke 1 | D91: Franz Liszt | E91: =_xlfn.XLOOKUP(D91, Composer!A:A, Composer!B:B, "-") -> 프란츠 리스트 | G91: =_xlfn.XLOOKUP(D91, Composer!A:A, Composer!C:C, "-") -> 낭만 | H91: =_xlfn.XLOOKUP(E91, Composer!B:B, Composer!D:D, "-") -> Romantic | I91: 태림스코어 | K91: 소나타 b단조 Sonata h-moll / 폴로네즈 제2번 Polonaise II / 발라드 제2번 Ballade II / 메피스토왈츠 제1번 Mephisto-Walzer I / 즉흥적 왈츠 Valse-Impromptu / 잊어버린 왈츠 제1번 Première Valse Oubliée / 위로 Consolations / 2개의 전설 Deus Légendes | M91: 3 | Q91: https://contents.kyobobook.co.kr/sih/fit-in/200x0/pdt/9791157802661.jpg
A92: 90 | B92: Liszt Klavier-Werke 4 | D92: Franz Liszt | E92: =_xlfn.XLOOKUP(D92, Composer!A:A, Composer!B:B, "-") -> 프란츠 리스트 | G92: =_xlfn.XLOOKUP(D92, Composer!A:A, Composer!C:C, "-") -> 낭만 | H92: =_xlfn.XLOOKUP(E92, Composer!B:B, Composer!D:D, "-") -> Romantic | I92: 세광음악출판사 | K92: Ungarische Rhapsodien / Rhapsodie espagnole | M92: 1
A93: 91 | B93: Liszt Klavier-Werke 5 | D93: Franz Liszt | E93: =_xlfn.XLOOKUP(D93, Composer!A:A, Composer!B:B, "-") -> 프란츠 리스트 | G93: =_xlfn.XLOOKUP(D93, Composer!A:A, Composer!C:C, "-") -> 낭만 | H93: =_xlfn.XLOOKUP(E93, Composer!B:B, Composer!D:D, "-") -> Romantic | I93: 태림출판사 | K93: Bearbeitungen Präludium und Fuge für Orgel von J.S.Bach / Orgel-Phantasie und Fuge von J.S.Bach / Variationen über den Basso continuo der Kantate: Weinen, Klagen etc.von J.S.Bach / Phantasie und Fuge über das Thema BACH / Soirées de Vienne Valses-Caprices d'aprés Fr.Schubert No.6-9 / Lieder-Bearbeitungen Erlkönig: Wer reitet so spät / Ständchen: Horch, horch die Lerch / Ave Maria: Ave Maria! Jungfrau mild! / Der Lindenbaum: Am brunnen vor dem Tore (Schubert) / Liebeslied: Du meine Seele / Frühlingsnacht: Überm Garten (Schumann) / Mädchens Wunsch: Könnt ich als Sonne / Meine Freuden: Girrt eine Taube (Chopin) / Auf Flügeln des Gesanges: auf Flügeln des Gesanges (Mendelssohn) / Le Rossignol de Alabiev / La Regatta Veneziana Soirées musicales de Rossini, No.2 | M93: 2
A94: 92 | B94: Liszt Klavier-Werke 5 | D94: Franz Liszt | E94: =_xlfn.XLOOKUP(D94, Composer!A:A, Composer!B:B, "-") -> 프란츠 리스트 | G94: =_xlfn.XLOOKUP(D94, Composer!A:A, Composer!C:C, "-") -> 낭만 | H94: =_xlfn.XLOOKUP(E94, Composer!B:B, Composer!D:D, "-") -> Romantic | I94: 세광음악출판사 | K94: Konzert-Paraphrasen Tannhäuser-Ouvertüre / O du mein holder Abendstern: Wie Todesahnung aus Tannhäuser / Einzug der Gäste auf Wartburg aus Tannhäuser / Festspiel und Brautlied: Treulich geführt aus Lohengrin / Spinnerlied: Summ und brumm du gutes Rädchen, aus dem Fliegenden Holländer / Isoldens Liebestod: Mild und leise, aus Tristan und Isolde (Wagner) / Reminiscences de Don Juan (Mozart) / Rigoletto-Paraphrase (Verdi) / Hochzeitsmarsch und Elfenreigen aus dem Sommernachtstraum (Mendelssohn) / Valse de l'Opéra Faust (Gounod) | M94: 3 | P94: liszt9.jpg
A95: 93 | B95: 리스트 피아노곡집 연습곡 I | C95: Liszt: Klavierwerke Etüden I | D95: Franz Liszt | E95: =_xlfn.XLOOKUP(D95, Composer!A:A, Composer!B:B, "-") -> 프란츠 리스트 | G95: =_xlfn.XLOOKUP(D95, Composer!A:A, Composer!C:C, "-") -> 낭만 | H95: =_xlfn.XLOOKUP(E95, Composer!B:B, Composer!D:D, "-") -> Romantic | I95: 음악춘추사 | K95: 초절기교 연습곡 Études d'exécution transcendante | M95: 3 | N95: 이승우 | P95: liszt8.jpg
A96: 94 | B96: 리스트 피아노곡집 연습곡 II | C96: Liszt: Klavierwerke Etüden II | D96: Franz Liszt | E96: =_xlfn.XLOOKUP(D96, Composer!A:A, Composer!B:B, "-") -> 프란츠 리스트 | G96: =_xlfn.XLOOKUP(D96, Composer!A:A, Composer!C:C, "-") -> 낭만 | H96: =_xlfn.XLOOKUP(E96, Composer!B:B, Composer!D:D, "-") -> Romantic | I96: 음악춘추사 | K96: 3개의 연주회용 연습곡 Trois études de concert / 연습곡의 완성 Ab irato / 두 개의 연주회용 연습곡 Zwei Konzertetüden / 파가니니에 의한 대연습곡 Grandes Etudes de Paganini | M96: 3 | P96: liszt7.jpg
A97: 95 | B97: Mendelssohn Rondo capriccioso | D97: Felix Menselssohn | E97: =_xlfn.XLOOKUP(D97, Composer!A:A, Composer!B:B, "-") -> 펠릭스 멘델스존 | G97: =_xlfn.XLOOKUP(D97, Composer!A:A, Composer!C:C, "-") -> 낭만 | H97: =_xlfn.XLOOKUP(E97, Composer!B:B, Composer!D:D, "-") -> Romantic | I97: G. Henle Verlag | K97: Rondo capriccioso Op.14 | M97: 2 | N97: 문상혁 | P97: mendelssohn2.jpg
A98: 96 | B98: Mendelssohn Klavier-Werke 1 | D98: Felix Menselssohn | E98: =_xlfn.XLOOKUP(D98, Composer!A:A, Composer!B:B, "-") -> 펠릭스 멘델스존 | G98: =_xlfn.XLOOKUP(D98, Composer!A:A, Composer!C:C, "-") -> 낭만 | H98: =_xlfn.XLOOKUP(E98, Composer!B:B, Composer!D:D, "-") -> Romantic | I98: 세광음악출판사 | K98: (스프링 제본) Sonate Op.6 / Variations Serieuses Op.54 / Andante con Variazioni Op.82 / Capriccioso Op.14 / Trois Fantaisies ou Caprices Op.16 / Praeludie und Fuge Op.35 / Sechs Kinderstücke Op.72 / Drei Etüden Op.104 / Andante Cantabile e Presto Agitato | M98: 3 | P98: mendelssohn3.jpg
A99: 97 | B99: 베버 소나타집 | C99: Weber Klaviersonaten | D99: Carl Maria von Weber | E99: =_xlfn.XLOOKUP(D99, Composer!A:A, Composer!B:B, "-") -> 카를 마리아 폰 베버 | G99: =_xlfn.XLOOKUP(D99, Composer!A:A, Composer!C:C, "-") -> 낭만 | H99: =_xlfn.XLOOKUP(E99, Composer!B:B, Composer!D:D, "-") -> Romantic | I99: 음악춘추사 | K99: 소나타 Sonate No.1 ~ 4 Op.24, 39, 49, 70 | M99: 3 | P99: weber2.jpg
A100: 98 | B100: 베버 작품집 | C100: Weber Klavierstücke | D100: Carl Maria von Weber | E100: =_xlfn.XLOOKUP(D100, Composer!A:A, Composer!B:B, "-") -> 카를 마리아 폰 베버 | G100: =_xlfn.XLOOKUP(D100, Composer!A:A, Composer!C:C, "-") -> 낭만 | H100: =_xlfn.XLOOKUP(E100, Composer!B:B, Composer!D:D, "-") -> Romantic | I100: 음악춘추사 | K100: 모멘토 카프리치오소 Momento capriccioso Op.12 / 대폴로네이즈 Grande Polonaise Op.21 / 화려한 론도 Rondo brillante Op.62 / 무도회의 권유 Aufforderung zum Tanz Op.65 / 화려한 폴카 Polacca brillante Op.72 / 콘체르시튀크 Konzertstück Op.79 / 이탈리아 민요에 의한 7개의 변주곡 Variations sur: "Vien' quà Dorina bella" Op.7 / 러시아 민요 아름다운 민카에 의한 9개의 변주곡 Variations sur: "Schöne Minka" Op.40 | M100: 3 | P100: weber3.jpg
...

Sheet Composer
A1: composer_org | B1: composer_kor | C1: era | D1: era_eng
A2: - | B2: 정보 없음 | C2: 분류 없음 | D2: =_xlfn.XLOOKUP(C2, Era!A:A, Era!B:B, "-") -> No category
A3: Various | B3: 여러 작곡가 | C3: 분류 없음 | D3: =_xlfn.XLOOKUP(C3, Era!A:A, Era!B:B, "-") -> No category
A4: Various (Romantic) | B4: 여러 작곡가 (낭만) | C4: 낭만 | D4: =_xlfn.XLOOKUP(C4, Era!A:A, Era!B:B, "-") -> Romantic
A5: Various (Comtemporary) | B5: 여러 작곡가 (현대) | C5: 현대 | D5: =_xlfn.XLOOKUP(C5, Era!A:A, Era!B:B, "-") -> Contemporary
A6: Various (Pop/New age) | B6: 여러 작곡가 (팝/뉴에이지) | C6: 팝/뉴에이지 | D6: =_xlfn.XLOOKUP(C6, Era!A:A, Era!B:B, "-") -> Pop/New Age
A7: Various (Jazz) | B7: 여러 작곡가 (재즈) | C7: 재즈 | D7: =_xlfn.XLOOKUP(C7, Era!A:A, Era!B:B, "-") -> Jazz
A8: George Frideric Handel | B8: 게오르크 프리드리히 헨델 | C8: 바로크 | D8: =_xlfn.XLOOKUP(C8, Era!A:A, Era!B:B, "-") -> Baroque
A9: Domenico Scarlatti | B9: 도메니코 스카를라티 | C9: 바로크 | D9: =_xlfn.XLOOKUP(C9, Era!A:A, Era!B:B, "-") -> Baroque
A10: Johann Sebastian Bach | B10: 요한 세바스티안 바흐 | C10: 바로크 | D10: =_xlfn.XLOOKUP(C10, Era!A:A, Era!B:B, "-") -> Baroque
A11: Wolfgang Amadeus Mozart | B11: 볼프강 아마데우스 모차르트 | C11: 고전 | D11: =_xlfn.XLOOKUP(C11, Era!A:A, Era!B:B, "-") -> Classical
A12: Franz Joseph Haydn | B12: 프란츠 요제프 하이든 | C12: 고전 | D12: =_xlfn.XLOOKUP(C12, Era!A:A, Era!B:B, "-") -> Classical
A13: Ludwig van Beethoven | B13: 루트비히 판 베토벤 | C13: 고전 | D13: =_xlfn.XLOOKUP(C13, Era!A:A, Era!B:B, "-") -> Classical
... A61: George Winston | B61: 조지 윈스턴 | C61: 팝/뉴에이지 | D61: =_xlfn.XLOOKUP(C61, Era!A:A, Era!B:B, "-") -> Pop/New Age
C62: 분류 없음 | D62: =_xlfn.XLOOKUP(C62, Era!A:A, Era!B:B, "-") -> No category
C63: 분류 없음 | D63: =_xlfn.XLOOKUP(C63, Era!A:A, Era!B:B, "-") -> No category
C64: 분류 없음 | D64: =_xlfn.XLOOKUP(C64, Era!A:A, Era!B:B, "-") -> No category
C65: 분류 없음 | D65: =_xlfn.XLOOKUP(C65, Era!A:A, Era!B:B, "-") -> No category
C66: 분류 없음 | D66: =_xlfn.XLOOKUP(C66, Era!A:A, Era!B:B, "-") -> No category
C67: 분류 없음 | D67: =_xlfn.XLOOKUP(C67, Era!A:A, Era!B:B, "-") -> No category
C68: 분류 없음 | D68: =_xlfn.XLOOKUP(C68, Era!A:A, Era!B:B, "-") -> No category
C69: 분류 없음 | D69: =_xlfn.XLOOKUP(C69, Era!A:A, Era!B:B, "-") -> No category
C70: 분류 없음 | D70: =_xlfn.XLOOKUP(C70, Era!A:A, Era!B:B, "-") -> No category
C71: 분류 없음 | D71: =_xlfn.XLOOKUP(C71, Era!A:A, Era!B:B, "-") -> No category
C72: 분류 없음 | D72: =_xlfn.XLOOKUP(C72, Era!A:A, Era!B:B, "-") -> No category
C73: 분류 없음 | D73: =_xlfn.XLOOKUP(C73, Era!A:A, Era!B:B, "-") -> No category
... C100: 분류 없음 | D100: =_xlfn.XLOOKUP(C100, Era!A:A, Era!B:B, "-") -> No category

Sheet Era
A1: 분류 | B1: 분류(영문)
A2: 바로크 | B2: Baroque
A3: 고전 | B3: Classical
A4: 낭만 | B4: Romantic
A5: 인상주의 | B5: Impressionism
A6: 근대 | B6: Modern
A7: 현대 | B7: Contemporary
A8: 팝/뉴에이지 | B8: Pop/New Age
A9: 재즈 | B9: Jazz
A10: 분류 없음 | B10: No category
